encountered_week,residence_neighborhood_district_name,pathogen,modeled_intensity_mean,modeled_intensity_sd,modeled_intensity_lower_95_CI,modeled_intensity_median,modeled_intensity_upper_95_CI,modeled_intensity_mode
2018-W45,Ballard,all,0.0112221355274515,0.00401768842039253,0.00529561713295056,0.0105654348865669,0.020747996854059,0.010610034220069
2018-W46,Ballard,all,0.0165487345107724,0.0050187197391967,0.00877742053517565,0.0158364928418189,0.028174440852973,0.0158958261788335
2018-W47,Ballard,all,0.024522540401286,0.00675163215348785,0.0138282218038586,0.0236428090642377,0.0400026315141309,0.0237079352772622
2018-W48,Ballard,all,0.0342704005840716,0.00874658475553383,0.0202012658602735,0.033205965466588,0.0541880714211018,0.0332680707502916
2018-W49,Ballard,all,0.0479673274792095,0.011449685270192,0.0293198219042227,0.046656574364327,0.0738910810749479,0.0467123504015601
2018-W50,Ballard,all,0.0741213367340993,0.0166870456467551,0.0466676836941871,0.0723114626984228,0.111718975042283,0.0723620298512343
2018-W51,Ballard,all,0.135752656205238,0.0290279499788798,0.0875919370420596,0.132751664922525,0.200877280527077,0.132796669620144
2018-W52,Ballard,all,0.256094771186761,0.052657869260598,0.168179733161017,0.250846882906118,0.373823946808974,0.250884864197924
2019-W01,Ballard,all,0.447937366124516,0.089690764658378,0.297558850212375,0.439219237213012,0.647958912479359,0.43925029445735
2019-W02,Ballard,all,0.655989389541449,0.129502497047762,0.438375853009083,0.643568392062178,0.944402713808144,0.643592131411431
2019-W03,Ballard,all,0.479545375411382,0.0942579015596339,0.321050342394657,0.470541919370579,0.689383276918356,0.470552797532833
2019-W04,Ballard,all,0.294258040772347,0.0582808919605324,0.196377949062687,0.288650908063317,0.424103887845836,0.288660657943609
2019-W05,Ballard,all,0.287436064834239,0.0567490193985236,0.192104999395343,0.28199266233409,0.41387885128704,0.281981945093123
2019-W06,Ballard,all,0.320510851506829,0.0632266365115382,0.214308949522864,0.314450850473285,0.46142406688194,0.314419865499219
2019-W07,Ballard,all,0.352851895178151,0.0695935012132551,0.235974695473716,0.34618283299581,0.507996734680295,0.346131620969148
2019-W08,Ballard,all,0.370360463150962,0.0730978121124499,0.247632020980069,0.363350965842206,0.533368775063333,0.36328228603197
2019-W09,Ballard,all,0.361308959958791,0.0713874530660496,0.24148202569929,0.354456577304605,0.52053875269363,0.354382954517445
2019-W10,Ballard,all,0.343222032950904,0.0678135841339243,0.229384902644166,0.336712723883625,0.494462249447096,0.336649626767633
2019-W11,Ballard,all,0.34656530928929,0.0683244723943854,0.231805922193607,0.340020488558695,0.498862476396359,0.339974401173762
2019-W12,Ballard,all,0.38704628603058,0.0760185100412436,0.259253752138699,0.379790277726466,0.55636288068143,0.379762205316935
2019-W13,Ballard,all,0.44930070593028,0.0880079786833614,0.301252466655077,0.440921665883603,0.645194891832438,0.440915352155574
2019-W14,Ballard,all,0.519495616347215,0.101794164074826,0.348239271598221,0.509800735667159,0.746032127326009,0.50981347792985
2019-W15,Ballard,all,0.445716696017123,0.0877965326405606,0.29811289851082,0.437313450284993,0.641166546623636,0.43734252002391
2019-W16,Ballard,all,0.354885247939281,0.0705586796450803,0.236431959740334,0.348072303743644,0.51209529739205,0.34810541885761
2019-W17,Ballard,all,0.281379109851997,0.056645468517673,0.186474561738471,0.275845009877305,0.40774821172582,0.275877201698792
2019-W18,Ballard,all,0.226396817871471,0.0463184962262,0.14900316559249,0.221802408607942,0.329904731156379,0.221832114630963
2019-W19,Ballard,all,0.175230262979219,0.0366397938369915,0.114235825624513,0.171520861525014,0.257301317916802,0.171547938281771
2019-W20,Ballard,all,0.125754546654282,0.0270753741379149,0.0809118740771767,0.122937409960215,0.186594861173456,0.122961686997808
2019-W21,Ballard,all,0.0861391146443674,0.0192679917595177,0.0544472032003941,0.0840617755836854,0.12961975699505,0.0840831688347177
2019-W22,Ballard,all,0.0537830629610164,0.0126250069541141,0.0332037358801079,0.0523598245515223,0.0824232767982822,0.0523799130017073
2019-W23,Ballard,all,0.0347383306762381,0.00862934630040136,0.0208288335662502,0.0337137066519358,0.0544394795084811,0.0337324497401107
2019-W24,Ballard,all,0.0236451557435842,0.00625581105889386,0.0136946605474799,0.0228586609309966,0.0380317993718041,0.0228767445380175
2019-W25,Ballard,all,0.0162860190589758,0.00461481998663628,0.00905726676741752,0.0156691011673568,0.0269812245950703,0.0156877780488169
2019-W26,Ballard,all,0.0120634769332398,0.00366984273224347,0.00641208900942905,0.0115412529707206,0.0206373633174322,0.0115611439282872
2019-W27,Ballard,all,0.00976170987119979,0.00318952358330628,0.00494017006042338,0.00927896612201034,0.0172751094468067,0.00930089432173133
2019-W28,Ballard,all,0.00832685331005127,0.00292835156693346,0.00399050391783664,0.00785525715556369,0.0152839001576176,0.00788007440095617
2019-W29,Ballard,all,0.00715826534161358,0.00272332599852976,0.00322130936058996,0.00669043988207135,0.0136872767949839,0.00671811562263418
2019-W30,Ballard,all,0.00577749437035799,0.00239545942676989,0.00241355970086438,0.00533694330080641,0.011578747507018,0.00536490668698249
2019-W31,Ballard,all,0.00406158213570043,0.0018534713312913,0.0015510037705163,0.003695023127401,0.00860260738827113,0.00371838741866676
2019-W32,Ballard,all,0.00243151270527755,0.00124452649357982,0.000825835050996769,0.00216447039155956,0.00552340602533977,0.00218024730651547
2019-W33,Ballard,all,0.0013436236484657,0.000796751147182979,0.000386126694330465,0.00115570816604033,0.00335523800132955,0.0011652394484688
2019-W34,Ballard,all,0.000728935863552805,0.000521271689602551,0.000164364321037314,0.000592927350444166,0.00206352980216037,0.000598641252833317
2019-W35,Ballard,all,0.000403121835800388,0.000362253322100048,6.45414917922533e-05,0.000299843770841221,0.00133226630732545,0.000303417155991998
2019-W36,Ballard,all,0.000233153064284868,0.000273872761645902,2.35332204457654e-05,0.000151137106863273,0.000916793310865794,0.000153436791651604
2018-W45,Central,all,0.0168930548993048,0.00547559350283022,0.00857473397960593,0.0160699621697233,0.0296988657841729,0.0161250825622995
2018-W46,Central,all,0.0243490666957501,0.00660431714574544,0.0138540846663063,0.0234999784023414,0.0394720205155336,0.023556250558268
2018-W47,Central,all,0.0352493684702962,0.00871361194561891,0.0211564568124635,0.0342193432826328,0.0550657349662227,0.0342607483071214
2018-W48,Central,all,0.0480708761454893,0.0111215811735433,0.0298813632371871,0.046833789736414,0.0732442087042554,0.0468557676680177
2018-W49,Central,all,0.0654883915505124,0.0143389907853839,0.0418169007464882,0.0639728759234703,0.0977844481052974,0.0639815587004743
2018-W50,Central,all,0.0981794175252717,0.0205360920803128,0.0640121771656181,0.096099661536408,0.144217590254725,0.0961012937104608
2018-W51,Central,all,0.173885726914213,0.0349684727983323,0.115323623074353,0.170472816631238,0.251956831613684,0.17046630037566
2018-W52,Central,all,0.316268353384509,0.0618290546161394,0.212233346549528,0.310392596576484,0.453876636115364,0.31038250457552
2019-W01,Central,all,0.532132468855068,0.102195621404644,0.359674360221832,0.522582548811589,0.759135195939267,0.522569449481829
2019-W02,Central,all,0.747830744641099,0.14250880290425,0.507055482039538,0.734611269563383,1.06413785571001,0.734584492367922
2019-W03,Central,all,0.523004378116911,0.0996583972457649,0.354629778319681,0.51376041539039,0.744211215911948,0.513737963426123
2019-W04,Central,all,0.306536858067533,0.0590246472692865,0.206963326013241,0.30100745881563,0.437664720845619,0.301006950215811
2019-W05,Central,all,0.285794695477419,0.0549025109886098,0.193147237761004,0.280662792358392,0.407748893373296,0.280657009670243
2019-W06,Central,all,0.304003969453601,0.058373354009202,0.205478741239053,0.298550045409739,0.433635873178032,0.29855374458747
2019-W07,Central,all,0.319797435116099,0.0614240636673607,0.216101623609738,0.314056874611707,0.456157498769602,0.314080312573927
2019-W08,Central,all,0.322477849262969,0.0620492620559831,0.217730136246322,0.316669080616441,0.460200754973711,0.316712460591225
2019-W09,Central,all,0.305213015437122,0.0588832026103339,0.205833937910417,0.299686791188178,0.435909256126719,0.29974196786848
2019-W10,Central,all,0.285028586827868,0.0550999456398176,0.192057150214326,0.279847566108451,0.407338362858346,0.279905156031134
2019-W11,Central,all,0.286886757136028,0.0554411981678018,0.193338060382144,0.281675245135883,0.409955981641133,0.281730724292921
2019-W12,Central,all,0.323515116472806,0.0623200019777124,0.218320426837748,0.317674692357151,0.461836051005611,0.317725624142529
2019-W13,Central,all,0.38285552404834,0.0734544848932355,0.258807531703988,0.375997806743877,0.545861625820609,0.376041530607151
2019-W14,Central,all,0.453187929133906,0.0867437587854397,0.306668709931513,0.445107572165613,0.645688016289408,0.445139309561267
2019-W15,Central,all,0.398784719814034,0.076489489268621,0.269643065912808,0.391645524067165,0.568593881547107,0.391663055842133
2019-W16,Central,all,0.326124879527756,0.0629344068285155,0.219986641878442,0.320216956790961,0.465959339137574,0.320221214499195
2019-W17,Central,all,0.265962038856076,0.0518038055881702,0.178741477094005,0.261056055840144,0.381209240182097,0.261048864635282
2019-W18,Central,all,0.220145722870824,0.0434332493304674,0.147186851684817,0.215982337778273,0.316935078438508,0.215965362534698
2019-W19,Central,all,0.175328895680575,0.0352154189716077,0.11636363855863,0.171895855696964,0.25398580452598,0.171872263788567
2019-W20,Central,all,0.129430043002195,0.0266319988764645,0.0850304492877146,0.126774138476713,0.189095728043125,0.126748753657499
2019-W21,Central,all,0.0912936436078017,0.0193903880054642,0.0591568429484112,0.0893015767060513,0.134912818098653,0.0892754418909866
2019-W22,Central,all,0.0587668770430907,0.0129985880826165,0.0373887299857907,0.0573799915888501,0.0881582439337505,0.057357904032135
2019-W23,Central,all,0.0391492431295527,0.00908240565437701,0.0243543021192197,0.0381364147407897,0.0598171670526287,0.0381158756831722
2019-W24,Central,all,0.0274781913271991,0.00672102416150703,0.0166529902740139,0.0266913614717408,0.0428877338514698,0.0266707876570912
2019-W25,Central,all,0.0195158043659458,0.0050568542326523,0.0114758270967235,0.0188918960870769,0.0312066673608805,0.0188724622130959
2019-W26,Central,all,0.0149081631108955,0.00409932237091659,0.00848346020631334,0.0143746354123988,0.0244730261313791,0.0143543611211715
2019-W27,Central,all,0.0124406864541558,0.00362967941974356,0.00683970902754831,0.0119427632706648,0.0209960939104911,0.0119189516529833
2019-W28,Central,all,0.0109390410067624,0.00339421288891233,0.00579074104954923,0.0104476646966731,0.0190288740442339,0.0104190371924714
2019-W29,Central,all,0.00968764974912586,0.0032178106678658,0.00490351330940614,0.00919375367662372,0.0174515515564255,0.00916093146496193
2019-W30,Central,all,0.00804919895149032,0.00289092362733959,0.00385343024064287,0.00757542383795058,0.0151191273887876,0.0075421726623413
2019-W31,Central,all,0.00582109492287672,0.00229150050400376,0.00259394985841031,0.00541652154981131,0.0115097089695693,0.00538908919525681
2019-W32,Central,all,0.00358347406177262,0.00158523041876091,0.00144201293344665,0.00327713507517414,0.00758327721041618,0.00325981020072448
2019-W33,Central,all,0.00203596719960993,0.00105401589287427,0.000699708579255471,0.00180804506574651,0.00474262949059209,0.00179988927815082
2019-W34,Central,all,0.00113563413690854,0.000720377942960474,0.000306999956830208,0.000958968851589449,0.00301462838461501,0.000956877349737532
2019-W35,Central,all,0.000645587201644497,0.000523309156935917,0.000123639683189206,0.000501516741905721,0.00201771164777716,0.000502391617981891
2019-W36,Central,all,0.000383641215194289,0.000411996229314534,4.61443598478577e-05,0.000261441593363747,0.00144178313611499,0.000263219597159835
2018-W45,Delridge Neighborhoods,all,0.0140793908929711,0.00555162182103401,0.00625713877683916,0.0130979346600978,0.0278841926952331,0.0130386459277696
2018-W46,Delridge Neighborhoods,all,0.0202955982379868,0.00687094538707295,0.0101384750122452,0.0192238355115729,0.0370001849525566,0.0191464532663878
2018-W47,Delridge Neighborhoods,all,0.0294113302218383,0.00905600919490418,0.0156522933634927,0.0281090205240463,0.0510441690192757,0.028022518058729
2018-W48,Delridge Neighborhoods,all,0.0401848338775587,0.0114443100812831,0.0224221638767036,0.0386480839124699,0.067121626755816,0.038565968449262
2018-W49,Delridge Neighborhoods,all,0.0549414391057467,0.014578349887057,0.0318981381897059,0.0531037918911697,0.0888098044521794,0.0530338651135693
2018-W50,Delridge Neighborhoods,all,0.0828270636877819,0.0206270937515953,0.0497195170859887,0.0803722124833927,0.130222359158701,0.0803149090522073
2018-W51,Delridge Neighborhoods,all,0.147818292642838,0.0347786338929221,0.0912845387580517,0.143889328455665,0.227021769636184,0.143840044823532
2018-W52,Delridge Neighborhoods,all,0.271549280659866,0.0610663638479752,0.171340511690457,0.264932858734043,0.409709891256616,0.264899091257393
2019-W01,Delridge Neighborhoods,all,0.462616472743583,0.10069391363071,0.296316535487332,0.45203249027656,0.689446679571154,0.452017161973182
2019-W02,Delridge Neighborhoods,all,0.660438436767175,0.140959339800363,0.426780378944746,0.645890925256178,0.97719971412758,0.645889009911334
2019-W03,Delridge Neighborhoods,all,0.471316072685584,0.099721316154682,0.305734251284651,0.461108009408502,0.695139447417502,0.461123475139057
2019-W04,Delridge Neighborhoods,all,0.283083992152317,0.0601106174976989,0.183307388265633,0.27691000558414,0.41799543999779,0.276942386033298
2019-W05,Delridge Neighborhoods,all,0.271444878796811,0.0573707606193039,0.176122635127547,0.265577971262408,0.400113312288933,0.265618656192049
2019-W06,Delridge Neighborhoods,all,0.298135337271619,0.0628750883596531,0.193608826566046,0.291718602750801,0.439078998456419,0.291776578969981
2019-W07,Delridge Neighborhoods,all,0.324539691841292,0.0683317011027537,0.210893393689024,0.317576755155208,0.477657091755457,0.317651170162668
2019-W08,Delridge Neighborhoods,all,0.338574242281449,0.0712179766817047,0.220104174859601,0.331323743576975,0.498136093432271,0.331403640815525
2019-W09,Delridge Neighborhoods,all,0.330611794078385,0.0695157791910885,0.214975144289649,0.323537194532986,0.486372850113676,0.32360780209096
2019-W10,Delridge Neighborhoods,all,0.317243636841619,0.0666825620300394,0.206332750724254,0.310459504167503,0.466689246827963,0.310512739896007
2019-W11,Delridge Neighborhoods,all,0.32640868676772,0.0685353393734867,0.212418902369795,0.319443066291831,0.480036221530706,0.319479513579358
2019-W12,Delridge Neighborhoods,all,0.373953977023103,0.0783721119332634,0.243588007425117,0.366002483921466,0.549648494430813,0.366023577400734
2019-W13,Delridge Neighborhoods,all,0.446992198209551,0.0935818120496651,0.291323284966597,0.437506806001054,0.656809383737527,0.437512792231748
2019-W14,Delridge Neighborhoods,all,0.532325993535858,0.111620046167971,0.346729846324799,0.520995822856602,0.782684897335568,0.520982234954783
2019-W15,Delridge Neighborhoods,all,0.469562086056318,0.0990960951639485,0.304988802321154,0.459442302348436,0.692014028814389,0.45942247830528
2019-W16,Delridge Neighborhoods,all,0.382943375682897,0.0817202905573365,0.247500059228475,0.374510748124738,0.566630121086539,0.374492064323627
2019-W17,Delridge Neighborhoods,all,0.30980254392944,0.0671296410751043,0.198849823516933,0.302776030665968,0.460959581749667,0.302760780288193
2019-W18,Delridge Neighborhoods,all,0.253595858209829,0.056065905426063,0.16127294956765,0.247616550661643,0.380137073964508,0.247604023965336
2019-W19,Delridge Neighborhoods,all,0.199465196374708,0.0452875198246265,0.125265260461713,0.194514646607787,0.30200153231787,0.19450513120481
2019-W20,Delridge Neighborhoods,all,0.145521464007792,0.0341968119155111,0.089867672715554,0.141662533980932,0.223268204662123,0.141656291205993
2019-W21,Delridge Neighborhoods,all,0.101536854884544,0.0249095970207826,0.0613524832267934,0.0986127213434675,0.158474924866289,0.0986073382452909
2019-W22,Delridge Neighborhoods,all,0.0647536194888023,0.0167360987131177,0.0380554729684642,0.0626934866359614,0.10326637962154,0.0626892898134838
2019-W23,Delridge Neighborhoods,all,0.0428337782941075,0.0117498965883898,0.0243453864142904,0.0413077985327624,0.0700952686772042,0.041301669538281
2019-W24,Delridge Neighborhoods,all,0.0299371281203611,0.00876407033490403,0.0163684102249202,0.0287312683271001,0.0504681176344333,0.0287216501398295
2019-W25,Delridge Neighborhoods,all,0.0212261630000344,0.00666207595727157,0.0111023202706705,0.0202520818336451,0.0370030619712705,0.0202398765490584
2019-W26,Delridge Neighborhoods,all,0.0162199160803322,0.00546794355904628,0.00808139447935724,0.0153700468485209,0.0293246151020071,0.0153541547922599
2019-W27,Delridge Neighborhoods,all,0.0135610019548035,0.00491089906266579,0.00641467552383967,0.0127506818127745,0.0254838502313797,0.0127292085574003
2019-W28,Delridge Neighborhoods,all,0.0119637584523025,0.00466095422285445,0.00534733996287066,0.0111476385605571,0.0234374739941185,0.0111194727000883
2019-W29,Delridge Neighborhoods,all,0.0106422679580002,0.00447824289475106,0.0044608827838266,0.00980918441487198,0.0218291055554219,0.00977487235086671
2019-W30,Delridge Neighborhoods,all,0.00888877202454616,0.00406441086250925,0.00345735439359107,0.00808377691567289,0.019202677616708,0.0080472710282925
2019-W31,Delridge Neighborhoods,all,0.00646659782882162,0.00324007904728562,0.00229996521671585,0.00578147418207216,0.0148219816869238,0.00574973522166431
2019-W32,Delridge Neighborhoods,all,0.00400738420556846,0.00223715073371008,0.00126899238216956,0.00349906358273018,0.00986766842070622,0.00347741452315008
2019-W33,Delridge Neighborhoods,all,0.00229340006334509,0.00146938200858284,0.000615492923050469,0.00193105109270958,0.00619411755191792,0.00191923938499797
2019-W34,Delridge Neighborhoods,all,0.00128933699567133,0.000985234990109044,0.000272004317915956,0.00102447422593325,0.00392209804419884,0.00101969369300184
2019-W35,Delridge Neighborhoods,all,0.000739281901191689,0.000702412884054672,0.000110924719731275,0.000535944540186538,0.00260189917854424,0.000535108580334785
2019-W36,Delridge Neighborhoods,all,0.000443457517378756,0.000546192721137485,4.19998328848618e-05,0.000279517982323968,0.00183779099258806,0.000280341632798736
2018-W45,Downtown,all,0.012886106075687,0.00436131802284246,0.00644885380648645,0.012205963792864,0.0235056599339122,0.0121500579985562
2018-W46,Downtown,all,0.0185660961523003,0.00528574421670485,0.010393268653135,0.0178565283281052,0.0311057142410383,0.0177904216659585
2018-W47,Downtown,all,0.0268859610714339,0.00695801633859564,0.0158598550927902,0.0260284449819287,0.0430897082734673,0.0259656952724446
2018-W48,Downtown,all,0.0367018766229369,0.00884015952447947,0.0224406590309357,0.0356814312315778,0.0569984390005291,0.0356340082252728
2018-W49,Downtown,all,0.0501268072975534,0.0113481154288871,0.0315546170521326,0.0488896254339938,0.0758870334978794,0.0488613834693384
2018-W50,Downtown,all,0.0755164204793405,0.0162157078662116,0.0486796485187469,0.0738333975198171,0.112014305952144,0.0738219752424275
2018-W51,Downtown,all,0.134940141899671,0.0276878877546262,0.0887247882381607,0.132186211855468,0.196886331631098,0.132184692710602
2018-W52,Downtown,all,0.249033185718291,0.0494437988700608,0.166027706793542,0.244265330435186,0.359219195153251,0.244273912797879
2019-W01,Downtown,all,0.427830154571259,0.0831758272363771,0.287704517211345,0.419967122578374,0.612749181305784,0.419987081397826
2019-W02,Downtown,all,0.618750890664014,0.119081491566492,0.417805318867858,0.607600797537649,0.883205911490807,0.607630002511548
2019-W03,Downtown,all,0.448744723846223,0.0861865492611419,0.303255169159358,0.440690326153919,0.640096059302765,0.440714997691975
2019-W04,Downtown,all,0.274600827766514,0.0532014073654713,0.184911526067603,0.269587873487908,0.392814749549938,0.269608707388041
2019-W05,Downtown,all,0.268327993704458,0.0518144016324712,0.180954531231272,0.263460983097255,0.383467416233567,0.263462894875367
2019-W06,Downtown,all,0.299589563227984,0.0577846069082556,0.202152219714437,0.294167658169369,0.428022354155806,0.294153652229107
2019-W07,Downtown,all,0.330098671317972,0.0636109704442786,0.222835403947252,0.32413524378237,0.47149568255608,0.324109055560137
2019-W08,Downtown,all,0.346765958975879,0.066791056874878,0.234138762582958,0.340507218161735,0.495237962294413,0.340474446577596
2019-W09,Downtown,all,0.339047520160119,0.0652975238729695,0.2289338972671,0.332929342175196,0.484191643559661,0.332899615924041
2019-W10,Downtown,all,0.323915633415611,0.0623624381408142,0.218734373159884,0.318074309164136,0.462507755669214,0.318054571942215
2019-W11,Downtown,all,0.330694203820515,0.0635758365360778,0.223428557868496,0.324747336703162,0.471935286738706,0.324736959465944
2019-W12,Downtown,all,0.375077317069313,0.0719067099920837,0.253688216111818,0.368368997144156,0.534752697850833,0.368366957978695
2019-W13,Downtown,all,0.443613856959119,0.0848324279031956,0.300333081552528,0.435718486515575,0.631914689118319,0.435726156343727
2019-W14,Downtown,all,0.523161665182344,0.0999757891183905,0.354279893181268,0.513862940505056,0.745048625620901,0.513876137581339
2019-W15,Downtown,all,0.458333128397266,0.0878695658738648,0.309970234499802,0.4501354479945,0.653403765012681,0.450152781286518
2019-W16,Downtown,all,0.372920003458944,0.0719580950286264,0.251548294398882,0.366165580367107,0.532776816218302,0.36618029752169
2019-W17,Downtown,all,0.301981597888433,0.0587879376617906,0.202967352406517,0.296417032977195,0.432707835809749,0.296428208179234
2019-W18,Downtown,all,0.247897184261602,0.0488216675276328,0.165827311789226,0.243225115639517,0.356603564126639,0.243232537762764
2019-W19,Downtown,all,0.195557319019117,0.0391355768310761,0.129946300301713,0.191755179709339,0.282852921343735,0.191760144675696
2019-W20,Downtown,all,0.143092932393563,0.029274592941831,0.0941981922964638,0.140189208397114,0.208555087778326,0.14019226067261
2019-W21,Downtown,all,0.1001146528054,0.0210958585944665,0.0650645284044779,0.0979634047376625,0.147452833679867,0.0979631613399194
2019-W22,Downtown,all,0.0639961288397663,0.014015007575659,0.0408733469253379,0.0625145844821439,0.0955876596123914,0.0625138445312156
2019-W23,Downtown,all,0.0424009623196709,0.00972499081819876,0.0264989554699905,0.0413278678656527,0.0644497525393425,0.0413250412978946
2019-W24,Downtown,all,0.0296522012150804,0.00716549937663044,0.0180610452728725,0.028822586774496,0.046012054968899,0.0288171752300148
2019-W25,Downtown,all,0.0210090390453651,0.00537843969639812,0.0124167624148624,0.020352675121997,0.0333850497802901,0.0203465783098376
2019-W26,Downtown,all,0.0160249282017333,0.00435555119169833,0.00916327223769947,0.015463911104901,0.0261350542061716,0.0154560985663951
2019-W27,Downtown,all,0.0133609758473542,0.00385591325489044,0.00737816960367183,0.0128370838312407,0.0223986112187602,0.0128256956836863
2019-W28,Downtown,all,0.0117434898474749,0.00360757006902763,0.00624023417147573,0.0112257414019471,0.0202905139467585,0.0112099063283637
2019-W29,Downtown,all,0.0103975800178927,0.00342283117202027,0.00527893980469654,0.00987620327499311,0.0186049075869389,0.00985640980846814
2019-W30,Downtown,all,0.0086369874707193,0.00307784897274478,0.00414428279116873,0.00813583682554511,0.0161169756420597,0.00811464074124258
2019-W31,Downtown,all,0.00624533359785407,0.00244226449547326,0.00278760305107566,0.0058164152391457,0.0122709746948746,0.00579803902360861
2019-W32,Downtown,all,0.00384389872607605,0.00169135677680625,0.00154873531719178,0.00351836433916204,0.00808902445768967,0.00350637508963214
2019-W33,Downtown,all,0.00218338406737471,0.00112575164288397,0.000751162963217404,0.00194061886412941,0.00506241130149044,0.00193515092645509
2019-W34,Downtown,all,0.00121750753569353,0.000770061337795277,0.000329475198251852,0.00102896565289761,0.00322014014713636,0.00102814065538401
2019-W35,Downtown,all,0.000691924234579685,0.000559718043889606,0.000132659149950586,0.000537950833412832,0.0021566950506174,0.000539438431795883
2019-W36,Downtown,all,0.000411062856019151,0.000440794239659417,4.94988872057943e-05,0.000280349876264173,0.00154194592549183,0.000282452535533304
2018-W45,East,all,0.0112673090367376,0.00402054631940419,0.00539375214682178,0.0106119386638307,0.021025734721182,0.010590684911351
2018-W46,East,all,0.0165070441357182,0.00499125623817997,0.00886553946145262,0.0158005312014326,0.0283428785150307,0.0157715422907779
2018-W47,East,all,0.0243063295036325,0.00667871873803637,0.0138321836672616,0.0234376547618189,0.0399093877696699,0.0234044179193665
2018-W48,East,all,0.0337419197057796,0.00860464248515275,0.0200072727933594,0.0326955381878698,0.053603895699007,0.032664054903292
2018-W49,East,all,0.0468713989050487,0.011194146920112,0.0287397740535615,0.0455892622734088,0.0724457806359035,0.0455634283301272
2018-W50,East,all,0.0717944739117671,0.0161950501129492,0.0452463959633571,0.0700347521043495,0.1084825550938,0.0700149542184149
2018-W51,East,all,0.130160687741892,0.0279231678473208,0.0839382265682618,0.127265102766565,0.192995054256695,0.127247633453427
2018-W52,East,all,0.24279112498889,0.0501345863272541,0.159212305679001,0.237774774606028,0.355059000124567,0.237763586483486
2019-W01,East,all,0.41986550205124,0.0844879472781668,0.27837121788955,0.411614648291482,0.608472669306567,0.411611741523586
2019-W02,East,all,0.608029675765863,0.120705490423358,0.405409058894781,0.59639139343688,0.877060744122976,0.596396334645671
2019-W03,East,all,0.439813233616574,0.0869870888128633,0.293685575230995,0.431455418234275,0.633579210703409,0.431471950698604
2019-W04,East,all,0.267625488334837,0.0533544089073039,0.178089051999919,0.262460524092503,0.386525766000458,0.262490441388249
2019-W05,East,all,0.259937592789194,0.0516613011413352,0.173193339139426,0.254951125374553,0.375019457799205,0.254982673730741
2019-W06,East,all,0.289199203770876,0.0573907359481527,0.192803840678198,0.283667548648591,0.417010859031083,0.283707416731268
2019-W07,East,all,0.31892331237441,0.0631825430134251,0.212766224512981,0.31284310611192,0.459600620971763,0.312889728754271
2019-W08,East,all,0.3370739156042,0.0666864535328107,0.225010112904731,0.330664854198747,0.485542309685467,0.330709531165655
2019-W09,East,all,0.333270690354027,0.0658777033759453,0.222562448697239,0.326944458070159,0.479948267318017,0.326979589785327
2019-W10,East,all,0.323788933577184,0.0639476785867707,0.216325999569016,0.317653089392136,0.466189089948262,0.317674373358653
2019-W11,East,all,0.337329361571832,0.0665054407521619,0.225556604076958,0.330958622593711,0.485436826831926,0.330965433819167
2019-W12,East,all,0.390917432226114,0.0768604077684571,0.261704394339658,0.383573705673057,0.562074806490078,0.383566060589493
2019-W13,East,all,0.471737882485607,0.0925432997840955,0.316118194428415,0.462914405177256,0.677798829665192,0.462893522285675
2019-W14,East,all,0.56500068761794,0.110789528665724,0.378697053990885,0.554442002019936,0.811700991310988,0.554407872183726
2019-W15,East,all,0.499802082047269,0.0983449594585051,0.334517007915428,0.490398713393977,0.71886920860532,0.490370316628168
2019-W16,East,all,0.408302088982088,0.0809032144316356,0.272485709499308,0.400515340282201,0.588650927647071,0.400493464729128
2019-W17,East,all,0.330700267018474,0.0661691418124707,0.219798182288734,0.324272804922637,0.478360118837357,0.324255903300063
2019-W18,East,all,0.270638070768051,0.0548634607934023,0.178885633278457,0.265242868355699,0.393242862912647,0.265230256097247
2019-W19,East,all,0.212386751037101,0.0438519353254674,0.139275262189839,0.207999438511466,0.310575386624384,0.207993333106184
2019-W20,East,all,0.154273640412527,0.0326749366251141,0.10003103226492,0.150925616900233,0.227629692267485,0.150928156986125
2019-W21,East,all,0.10686534627418,0.0234192465251072,0.0682160308663498,0.104388094265272,0.159626273715782,0.104399055743066
2019-W22,East,all,0.0674331030234541,0.0154452985059527,0.0421387423232174,0.065730947980007,0.102375919597553,0.0657516776398414
2019-W23,East,all,0.0439836605183237,0.0106215191872283,0.0267551231472024,0.0427546752586673,0.0681312717624859,0.0427824884965184
2019-W24,East,all,0.0302092965602742,0.00774538789250563,0.0177880236312064,0.029262790464562,0.0479112960872602,0.0292969992646684
2019-W25,East,all,0.020982859601523,0.00574794347492319,0.0118850916630372,0.0202372858009518,0.0341872854768218,0.0202779482044989
2019-W26,East,all,0.0156658442493736,0.00459911361595391,0.0084921512100534,0.0150314732255213,0.0262817195467401,0.0150791770921174
2019-W27,East,all,0.0127698271114447,0.00402191609112062,0.00659559991850434,0.0121800021747429,0.0220921624039333,0.0122371389721635
2019-W28,East,all,0.0109650977561535,0.00371558140145113,0.00536266783686233,0.0103850732840811,0.0196081309404955,0.0104542018809667
2019-W29,East,all,0.00948434629472832,0.0034781394160505,0.00435176136901624,0.00890446248049497,0.0176037975259416,0.00898533978181569
2019-W30,East,all,0.00769975373259831,0.00308092247940433,0.00327442600684949,0.00714871495105619,0.0149240190565121,0.00723337886975449
2019-W31,East,all,0.00544358970181713,0.00240172716057195,0.00211180203297434,0.00498038864717938,0.011112607345916,0.00505330949235966
2019-W32,East,all,0.00327666365537682,0.00162581618407776,0.00112821041634624,0.00293520790825792,0.00715714374595205,0.00298530535822406
2019-W33,East,all,0.00181980475194197,0.00105002704992026,0.000529300227586017,0.00157623626950356,0.0043690368948547,0.00160596006042713
2019-W34,East,all,0.000991796562336933,0.000693073376678991,0.00022615291537746,0.000812967171398036,0.00270566986902603,0.000829477498365233
2019-W35,East,all,0.000550799565953074,0.000485589737670068,8.91761194287373e-05,0.000413162861028748,0.0017614412603723,0.000422272754919102
2019-W36,East,all,0.000319843253785284,0.000369715018950867,3.26631813958403e-05,0.000209259663500496,0.0012228970442811,0.000214388745698228
2018-W45,Greater Duwamish,all,0.0114071681958047,0.0041825347566323,0.00526474009664009,0.0107099484481946,0.0212910263585905,0.0107717148068303
2018-W46,Greater Duwamish,all,0.0168716454441368,0.0052460612818547,0.00878477271173538,0.0161107889556867,0.0290200697308051,0.0161834236349588
2018-W47,Greater Duwamish,all,0.0250726343633345,0.00706318224361554,0.0139395895868399,0.0241333069062123,0.0413069011540287,0.0242021074461408
2018-W48,Greater Duwamish,all,0.0351257759159372,0.00914821360942634,0.0204856963670993,0.0339918578297875,0.0560432380974259,0.0340451091588111
2018-W49,Greater Duwamish,all,0.0492281809705386,0.0119640547016353,0.0298396361669736,0.047835741313679,0.0764402147036928,0.0478714621306612
2018-W50,Greater Duwamish,all,0.0760289175034583,0.0174025560942185,0.0475271639797637,0.0741122419333383,0.115403446295542,0.0741336156527014
2018-W51,Greater Duwamish,all,0.138831961588558,0.0301670159807796,0.0889772969929778,0.135666119279697,0.206745172239279,0.135673574874959
2018-W52,Greater Duwamish,all,0.260495674192141,0.0544265015830909,0.169935780504061,0.254989521157771,0.382511820362396,0.25498675198382
2019-W01,Greater Duwamish,all,0.452134995771629,0.0919925817321404,0.29836764060555,0.443057356741905,0.657759823483281,0.443049665195685
2019-W02,Greater Duwamish,all,0.655819867546867,0.131543589582592,0.435414354277784,0.643012611823988,0.949394455256994,0.642997695039112
2019-W03,Greater Duwamish,all,0.473726540479188,0.0945833969056628,0.31512710348325,0.464557600185226,0.684709752126891,0.46454624354015
2019-W04,Greater Duwamish,all,0.287050745667871,0.0577160453459839,0.190371935272613,0.281418594458107,0.415868802828496,0.281421824735422
2019-W05,Greater Duwamish,all,0.276846702058801,0.055463559994294,0.183893466791195,0.271452745508923,0.40060798353668,0.271448613910277
2019-W06,Greater Duwamish,all,0.304924646221013,0.0609912084696557,0.202677530467574,0.29900203147861,0.440992707738747,0.298999068189685
2019-W07,Greater Duwamish,all,0.3320907601393,0.0663361642304461,0.220848269676587,0.325657234227284,0.480042270261934,0.325661332598058
2019-W08,Greater Duwamish,all,0.34591532244497,0.0690535048229777,0.230093617541203,0.339222291855091,0.499897006972965,0.339233973599443
2019-W09,Greater Duwamish,all,0.336845588828057,0.0672473294925591,0.224048710833181,0.330327222734216,0.486788809956378,0.330343065925159
2019-W10,Greater Duwamish,all,0.322120442536582,0.0643143874218883,0.214244693204354,0.315885752298238,0.465524275456006,0.315901314590448
2019-W11,Greater Duwamish,all,0.330154508113873,0.0658552090660449,0.21968052866189,0.323776222553926,0.476985391612542,0.323789375424913
2019-W12,Greater Duwamish,all,0.376468108939234,0.0749224335257962,0.250741283314192,0.369227196080674,0.543483371004577,0.369238213073
2019-W13,Greater Duwamish,all,0.447296525874042,0.0888376494501529,0.298169673556379,0.438727196571954,0.645288929034612,0.438739340419735
2019-W14,Greater Duwamish,all,0.528984116609593,0.105051127245362,0.352641539670159,0.518851782033675,0.763115629780427,0.518863402445151
2019-W15,Greater Duwamish,all,0.463851692081069,0.0924982975786656,0.308684791510476,0.454895238693509,0.670093305912522,0.454907914291213
2019-W16,Greater Duwamish,all,0.377266848926602,0.0758398888334168,0.250217689488722,0.369867529457338,0.546518025554411,0.369877070055998
2019-W17,Greater Duwamish,all,0.305462364348702,0.0621011183698339,0.201631545079794,0.299338901948582,0.444234518027435,0.299343729045421
2019-W18,Greater Duwamish,all,0.250883696762129,0.051777029839529,0.164545130195093,0.245705692682837,0.366795398486041,0.245704250294499
2019-W19,Greater Duwamish,all,0.198132897428649,0.0417383961992355,0.12879234897723,0.193877732922849,0.291807082084983,0.193870158438172
2019-W20,Greater Duwamish,all,0.145024445855213,0.0314056807054481,0.0931163215097278,0.141739039351095,0.21575115502829,0.141727102251821
2019-W21,Greater Duwamish,all,0.101355237177727,0.0227513664270951,0.0640104713194388,0.0988943379321451,0.152829361464535,0.098878709352381
2019-W22,Greater Duwamish,all,0.0645958618430287,0.0151721755091054,0.0399143771648164,0.0628845438564879,0.0991215487875195,0.0628706657100803
2019-W23,Greater Duwamish,all,0.0425833645432096,0.0105479618364589,0.0256137095910593,0.0413341897991291,0.0667554489395038,0.0413214863438394
2019-W24,Greater Duwamish,all,0.0295683706285007,0.00777061777451058,0.0172288688956468,0.0285973237962154,0.0475188991225795,0.0285859681229922
2019-W25,Greater Duwamish,all,0.0207708391456209,0.00582244623306623,0.0116615762713255,0.019999917020546,0.0343365296639798,0.0199919287828705
2019-W26,Greater Duwamish,all,0.0156896141219147,0.00470204635971238,0.00845311254666493,0.0150291996880807,0.0267440164883737,0.0150237556271629
2019-W27,Greater Duwamish,all,0.0129447009006836,0.00414939144652038,0.00667100055739185,0.0123268851519002,0.0227914890763209,0.0123230160083881
2019-W28,Greater Duwamish,all,0.0112557545126758,0.00386798589834523,0.00552100087981556,0.0106447591463494,0.0205242859004717,0.010642652714983
2019-W29,Greater Duwamish,all,0.00986063060380753,0.00365288592231718,0.00456627093077687,0.00924654961972443,0.0187040743304441,0.00924696899574008
2019-W30,Greater Duwamish,all,0.0081086497954564,0.0032644448822394,0.00350471020312912,0.00752196099555174,0.0160999596149295,0.00752515565595011
2019-W31,Greater Duwamish,all,0.00580708966832516,0.00256815564297901,0.00230622065897553,0.00531091212108699,0.0121713762020869,0.00531573844947061
2019-W32,Greater Duwamish,all,0.00354138290236466,0.00175559673516335,0.00125631787220768,0.00317290032526576,0.00795348825156837,0.00317782078906769
2019-W33,Greater Duwamish,all,0.00199351904696244,0.00114640700401051,0.000600057852838741,0.00172814419584638,0.00491993968972641,0.00173262966609679
2019-W34,Greater Duwamish,all,0.00110179035491698,0.000766195691073505,0.000260470587196164,0.000904568246692549,0.00308364999803306,0.000908635987082226
2019-W35,Greater Duwamish,all,0.000620729729781483,0.000544179030465957,0.000104155396189075,0.000466758770965805,0.00203041588155737,0.000470279076935095
2019-W36,Greater Duwamish,all,0.000365688140125795,0.000420202756820405,3.86489866906124e-05,0.00024006682144777,0.0014257336014456,0.000242859020584367
2018-W45,Lake Union,all,0.0153100342878284,0.00490601147022037,0.00789949031712159,0.0145797653052588,0.0269703311263944,0.0145691807844328
2018-W46,Lake Union,all,0.0219819429656476,0.00590072847688514,0.0126602616214265,0.0212303444179136,0.0356723963244915,0.0212168838763272
2018-W47,Lake Union,all,0.0317129608032978,0.00777997536875097,0.0191749768150015,0.0307996737672857,0.0495393189163275,0.0307854408954973
2018-W48,Lake Union,all,0.0431204390663038,0.0099236866717052,0.0269131280304884,0.0420219729456557,0.0656548949196499,0.0420109503242363
2018-W49,Lake Union,all,0.0586643991743942,0.0127920233671006,0.0375478772155298,0.0573175646665806,0.0874985142411324,0.0573122702396922
2018-W50,Lake Union,all,0.0880250660486263,0.0183374998229376,0.0574958154353647,0.0861750224417202,0.129119407012441,0.0861751344160079
2018-W51,Lake Union,all,0.156502528524426,0.0313239124844029,0.103994306497251,0.153458939816532,0.226384893641071,0.153458943899345
2018-W52,Lake Union,all,0.286652047681854,0.0557245938726092,0.19278822922037,0.281384508096364,0.410571230393615,0.281385847352504
2019-W01,Lake Union,all,0.487016619389973,0.0929358669332184,0.330002764692885,0.478384343088915,0.693268750074339,0.478388275205388
2019-W02,Lake Union,all,0.693356160835873,0.131241258391613,0.471343010376365,0.681259327310944,0.984373174006606,0.681262559440095
2019-W03,Lake Union,all,0.493079536753961,0.093329228804914,0.335193533610744,0.484477399285325,0.700018927198662,0.484483706551853
2019-W04,Lake Union,all,0.295069101199111,0.0564514718224632,0.199716560316252,0.289812920513004,0.42035235092213,0.289828300489397
2019-W05,Lake Union,all,0.281739667083128,0.0537757987601319,0.190888684184919,0.276743661696156,0.401086725550765,0.276746287158957
2019-W06,Lake Union,all,0.307562878682509,0.0586551197462541,0.208464617203698,0.302117921425114,0.437745550685891,0.302113775526901
2019-W07,Lake Union,all,0.331891849878749,0.0632348162628067,0.225043144116346,0.326027036125667,0.472231012222854,0.326020209625022
2019-W08,Lake Union,all,0.342069742475735,0.0651477824509642,0.231981745076266,0.336029809659137,0.48664844726251,0.336022688640044
2019-W09,Lake Union,all,0.32881072918718,0.0626430995638278,0.222956543280164,0.323001205920991,0.467827630998605,0.322997468340598
2019-W10,Lake Union,all,0.309500086389611,0.0589929542354696,0.209813884543308,0.30402654593043,0.44040824606678,0.304028815259674
2019-W11,Lake Union,all,0.311897589331321,0.0594166052692004,0.21147949764552,0.306387669151456,0.443724133691528,0.306395201497774
2019-W12,Lake Union,all,0.350094856832855,0.0665525228946236,0.237575301375777,0.343935530891091,0.497713439327898,0.343946603184942
2019-W13,Lake Union,all,0.410523120955274,0.0778659844188212,0.278827792867921,0.403331968089791,0.583191321989689,0.403346192653141
2019-W14,Lake Union,all,0.480182742222179,0.0910130099162305,0.326239665912633,0.47178316657566,0.681999324886195,0.471795780848418
2019-W15,Lake Union,all,0.417220334887381,0.0793264052875696,0.283111288921579,0.409877629653152,0.593181764117256,0.409888312922296
2019-W16,Lake Union,all,0.336287833049037,0.0643591395922856,0.227599140039764,0.330293443743406,0.479155000459282,0.330299832217801
2019-W17,Lake Union,all,0.269781277025472,0.0521019052310745,0.181925385602331,0.264886649978197,0.385561392989606,0.2648883567083
2019-W18,Lake Union,all,0.219423147126522,0.0428871031057286,0.147252725171856,0.215348308166656,0.314862846282203,0.215344869306559
2019-W19,Lake Union,all,0.171491830098954,0.0340800190400801,0.114305029880788,0.168202632996176,0.247482661431062,0.168195330071989
2019-W20,Lake Union,all,0.124197568853788,0.0252535559684594,0.0819900363060979,0.121707084255905,0.180660848836019,0.121697928627592
2019-W21,Lake Union,all,0.0858593229549135,0.018002326395859,0.0559362186282269,0.0840320601503383,0.126260873995774,0.0840214648650215
2019-W22,Lake Union,all,0.0541272630037245,0.0118122666739059,0.0346354615155904,0.0528826432840364,0.0807628325608134,0.0528746514796921
2019-W23,Lake Union,all,0.0353119443697517,0.00808451625775158,0.0220934941618801,0.0344213490432925,0.053650452076402,0.0344143528150091
2019-W24,Lake Union,all,0.0242877405948951,0.00586990499115174,0.0147953201547999,0.023608050692893,0.0376965857481139,0.0236012732911363
2019-W25,Lake Union,all,0.0169174306552532,0.00434084537168552,0.00998650994662326,0.0163865944831452,0.0269103823455217,0.0163812150678128
2019-W26,Lake Union,all,0.0126773271389688,0.00346167839155349,0.0072279162058358,0.0122295912324496,0.0207139553599824,0.0122246862289605
2019-W27,Lake Union,all,0.0103791436285437,0.00301708407385861,0.005702085006049,0.00996659786648413,0.0174479316527139,0.00996100083502254
2019-W28,Lake Union,all,0.00895550182085796,0.00277884659279417,0.00472084376352197,0.00855319948040118,0.0155306957280434,0.0085467559724286
2019-W29,Lake Union,all,0.00778441099135079,0.00259599407326181,0.00390709279532534,0.00738460184178732,0.0139939764989183,0.00737790267645169
2019-W30,Lake Union,all,0.00635099868494403,0.00229918380978061,0.00300052186803552,0.00597172219717461,0.0119179277280983,0.00596578986458333
2019-W31,Lake Union,all,0.00451211482560477,0.00179679214342271,0.00197442080495578,0.0041919685971055,0.00892319651887742,0.00418777542606785
2019-W32,Lake Union,all,0.00272937791841464,0.001224649916394,0.00107365830934798,0.00249019588844781,0.00578486870062475,0.00248826597801162
2019-W33,Lake Union,all,0.00152373121717212,0.00080101902791488,0.000510221748546095,0.00134872202284897,0.00355930767224077,0.00134882522688464
2019-W34,Lake Union,all,0.000835094612640595,0.000537743276011818,0.000219575739939492,0.000702120458804326,0.00222474145495754,0.000703580399158896
2019-W35,Lake Union,all,0.000466468271515532,0.000383414208886618,8.6839321260228e-05,0.00036035986833338,0.00146346037792241,0.00036231627826895
2019-W36,Lake Union,all,0.000272403619497642,0.000296313240327878,3.18443205556893e-05,0.000184357656492981,0.00102730234625365,0.000186177663113817
2018-W45,Magnolia/Queen Anne,all,0.0103308269834208,0.00374701128043157,0.00485455622643416,0.00971175442609291,0.0193428937009497,0.00972282352585442
2018-W46,Magnolia/Queen Anne,all,0.015245899472459,0.00469179662169866,0.00804989098539718,0.0145715090150694,0.0262682359467833,0.014586920081587
2018-W47,Magnolia/Queen Anne,all,0.0226108270758975,0.00631661528573291,0.0126871788409934,0.0217770141934146,0.0372562750696199,0.0217947113007528
2018-W48,Magnolia/Queen Anne,all,0.0316220813107224,0.00818430115387053,0.0185427821622571,0.0306133703361257,0.0504109768001013,0.0306319402634966
2018-W49,Magnolia/Queen Anne,all,0.0442649274731011,0.0107084924725051,0.0269106009076256,0.0430238543949121,0.0686441381342927,0.0430436466035456
2018-W50,Magnolia/Queen Anne,all,0.068359770630753,0.0155903657853522,0.0428048234752146,0.0666484502880407,0.103611381079911,0.0666704895935252
2018-W51,Magnolia/Queen Anne,all,0.12509455779829,0.0270884496287631,0.0802786116866375,0.122260914225089,0.186008868003934,0.12228379124357
2018-W52,Magnolia/Queen Anne,all,0.235988729994208,0.0491173813233664,0.154174311000282,0.23103751698212,0.345986630391278,0.231060417461421
2019-W01,Magnolia/Queen Anne,all,0.413358966114141,0.0837255051852774,0.273264632265603,0.405131994009829,0.600334821615914,0.405153717793253
2019-W02,Magnolia/Queen Anne,all,0.607369161936955,0.121193454263951,0.404087301318199,0.59562728101548,0.877608365339779,0.595644232515015
2019-W03,Magnolia/Queen Anne,all,0.445914485140762,0.0885179819044176,0.297317157253742,0.437380098460245,0.643192371843347,0.437388387169256
2019-W04,Magnolia/Queen Anne,all,0.275107867426557,0.0549811326762182,0.182908898368038,0.26977308210266,0.397724684512307,0.269781843699997
2019-W05,Magnolia/Queen Anne,all,0.270385899211143,0.0538347936952806,0.180076690560807,0.265180804613006,0.390446337948788,0.265170844733079
2019-W06,Magnolia/Queen Anne,all,0.303346477249921,0.0603055485786735,0.202177898984322,0.297524104510629,0.437858293515043,0.297496872607034
2019-W07,Magnolia/Queen Anne,all,0.33584147068147,0.0666820554725121,0.223966648189884,0.329411053982305,0.484584660686168,0.329370071864282
2019-W08,Magnolia/Queen Anne,all,0.354392378496085,0.0703061548839663,0.23642600337665,0.347617856506454,0.511215500544418,0.347570678631212
2019-W09,Magnolia/Queen Anne,all,0.347918941258618,0.0689871267673273,0.232148993029871,0.341274677699285,0.501776892330327,0.341233758631605
2019-W10,Magnolia/Queen Anne,all,0.333936245878076,0.0661781090792122,0.222856087069901,0.327565833218539,0.481492153944446,0.327537184427094
2019-W11,Magnolia/Queen Anne,all,0.34249628341178,0.0677706617893422,0.228698829588553,0.335981983262854,0.49354670484609,0.335964244450851
2019-W12,Magnolia/Queen Anne,all,0.390396895691093,0.0770379536367796,0.260965769558158,0.38301087625273,0.562023102315105,0.383001244053395
2019-W13,Magnolia/Queen Anne,all,0.463744358185947,0.0912930054240666,0.310288022433881,0.455011383746064,0.667045188775971,0.455011120513442
2019-W14,Magnolia/Queen Anne,all,0.548526602969018,0.107941279830576,0.367065954601079,0.538204867279061,0.788874487249561,0.538210828981757
2019-W15,Magnolia/Queen Anne,all,0.480653563524538,0.0949557420241564,0.32111176074138,0.471539964466559,0.692148972521625,0.471556020242267
2019-W16,Magnolia/Queen Anne,all,0.390098111332934,0.0776714824590641,0.259755295370073,0.382588189794957,0.563222533895249,0.382609752520711
2019-W17,Magnolia/Queen Anne,all,0.315091587483573,0.0634171083938693,0.20885361925997,0.308897310155208,0.45659570154311,0.308921206275109
2019-W18,Magnolia/Queen Anne,all,0.258197316622364,0.0527012410129118,0.170115658801734,0.252981260041596,0.375962896693062,0.25300564411031
2019-W19,Magnolia/Queen Anne,all,0.203629918382253,0.0423563066915141,0.133064738278472,0.199362710973579,0.298470593626167,0.199386001168576
2019-W20,Magnolia/Queen Anne,all,0.149080730473832,0.0318047242713866,0.0963282311120045,0.145799719800102,0.220493992058749,0.145820003900601
2019-W21,Magnolia/Queen Anne,all,0.104435795335492,0.023029104846646,0.0664698207599561,0.101985721690809,0.156345154811841,0.102000067791851
2019-W22,Magnolia/Queen Anne,all,0.066873890642295,0.015381101239553,0.0417193384208792,0.0651722743251672,0.101718868862388,0.0651819133849917
2019-W23,Magnolia/Queen Anne,all,0.0444087553279921,0.0107367909615421,0.0270275032533128,0.0431650923377942,0.0688896770895119,0.0431691466451575
2019-W24,Magnolia/Queen Anne,all,0.0311386915298857,0.00796222062027649,0.018406215242808,0.0301680605065993,0.0494355302759049,0.0301667815071633
2019-W25,Magnolia/Queen Anne,all,0.0221292453660191,0.00601749442101684,0.0126430424499302,0.0213538383097038,0.036079860992091,0.0213494594048416
2019-W26,Magnolia/Queen Anne,all,0.016935006629732,0.00490852657492191,0.00931991606747463,0.0162655481924843,0.0284279636982854,0.0162575569675194
2019-W27,Magnolia/Queen Anne,all,0.0141695181898994,0.00437902767938161,0.00749367547422699,0.013537768030908,0.0245360622840658,0.0135245085408028
2019-W28,Magnolia/Queen Anne,all,0.0125030833909636,0.00412956128738826,0.00632897076426562,0.0118722844105651,0.0223986209629045,0.0118527197104873
2019-W29,Magnolia/Queen Anne,all,0.0111191528913798,0.00394785710310478,0.00534834347411691,0.0104782997049128,0.0207073327149743,0.0104527532447225
2019-W30,Magnolia/Queen Anne,all,0.00928069473125807,0.00357307732690366,0.00419645631060902,0.00866097597445493,0.0180875640444243,0.00863253233669442
2019-W31,Magnolia/Queen Anne,all,0.00674489998476898,0.00284900440241295,0.00282322853266616,0.00621335391547293,0.0138820656509466,0.00618771992732394
2019-W32,Magnolia/Queen Anne,all,0.00417406748237645,0.00197727989353517,0.00157123285056304,0.00377223124664455,0.00921518742382777,0.00375451204815331
2019-W33,Magnolia/Queen Anne,all,0.00238445161235846,0.00131402456632577,0.000765077491091395,0.00208834097902585,0.00579323787073082,0.00207909957764302
2019-W34,Magnolia/Queen Anne,all,0.00133754597108947,0.000895515054481868,0.000337651590338353,0.00111143918259936,0.00369349959554882,0.00110845869110138
2019-W35,Magnolia/Queen Anne,all,0.000764874610189538,0.000648830610101632,0.000136981532087303,0.000583281774219455,0.00247518300396545,0.000583698818084331
2019-W36,Magnolia/Queen Anne,all,0.000457352421978279,0.000510583081850467,5.15177723170402e-05,0.000305151007376417,0.00176942362907248,0.000306798759655261
2018-W45,North,all,0.0222937475620847,0.0064459226620434,0.0122949326986332,0.0214165084048801,0.0373912282275208,0.0214007983082649
2018-W46,North,all,0.0309506297050531,0.00744088081261685,0.018916513790506,0.0300931883332043,0.0479643977952746,0.0300748965340368
2018-W47,North,all,0.0431587392301165,0.00960116677391873,0.0273855347579208,0.0421288651377852,0.0648876240825826,0.0421114516213552
2018-W48,North,all,0.0567116125005812,0.0120219917924754,0.0367734586409501,0.0554787719669607,0.0837378658747775,0.0554671661342153
2018-W49,North,all,0.0745779049853462,0.0151889328949276,0.0491963649689536,0.073077688717294,0.108538967737333,0.0730741127769844
2018-W50,North,all,0.108295882235358,0.0213138367455212,0.0724640911144617,0.106257511043643,0.155751652145609,0.106260011459832
2018-W51,North,all,0.186629681185566,0.0355954512093661,0.126487352061228,0.183325052828938,0.265623647755891,0.183326005437687
2018-W52,North,all,0.331934659081828,0.0618885572023972,0.226995097069178,0.326311353998626,0.468952112357171,0.326311520944169
2019-W01,North,all,0.548438224502606,0.100841207754889,0.377084073263337,0.539396038911746,0.771373175645247,0.539394667250989
2019-W02,North,all,0.759008001090574,0.13886340324186,0.522875899052747,0.746615456735286,1.0658619419282,0.746605376691362
2019-W03,North,all,0.523197167269111,0.0959074465098938,0.36015766289551,0.514622263934449,0.735171059958716,0.514615801741439
2019-W04,North,all,0.302102421931018,0.056062645071114,0.206954256892013,0.297031125029828,0.426126624694702,0.297044451549963
2019-W05,North,all,0.277474273205696,0.051408354620686,0.19020906839683,0.27283119305638,0.391194209681289,0.272838996610965
2019-W06,North,all,0.2913788365819,0.054026495083232,0.199669958588542,0.286495685042326,0.410880364391508,0.286511536347092
2019-W07,North,all,0.303867012068017,0.0564213348223771,0.208096724093162,0.298760584371425,0.42865171790676,0.298789722109285
2019-W08,North,all,0.30525141682608,0.0567718399271345,0.208899307334421,0.300105220454048,0.430811066324,0.300143067605041
2019-W09,North,all,0.288676679501156,0.0537546638693675,0.197459019633077,0.283798339576505,0.407571887287032,0.283836779247431
2019-W10,North,all,0.269735451166622,0.0502285418512997,0.184504761490957,0.265177032996145,0.380837880435997,0.265210577358526
2019-W11,North,all,0.271721143961344,0.0504892456275446,0.186028782569663,0.267148445920676,0.383392906181116,0.267175182565097
2019-W12,North,all,0.306319538962641,0.0566815848333781,0.210070702074878,0.301206278999052,0.431661872398513,0.3012249766591
2019-W13,North,all,0.361826349902064,0.0666921545151414,0.248528405354865,0.355832278854746,0.509278113379728,0.355841534152334
2019-W14,North,all,0.426568752745167,0.0785186091791114,0.29317370885104,0.419520882331559,0.600184175723066,0.419515879868064
2019-W15,North,all,0.372753896886966,0.0688554138339794,0.255848972089919,0.366552636716996,0.525077605324242,0.366540958057883
2019-W16,North,all,0.301126433274493,0.0560199394522363,0.206125203185956,0.296047078664653,0.425160747493705,0.296032353264824
2019-W17,North,all,0.241150236496475,0.0452610882446832,0.164504848033489,0.237011770765581,0.341465728753513,0.236996430534543
2019-W18,North,all,0.194970695021301,0.0369767684497882,0.132460137659305,0.191556158253451,0.277022483479436,0.191541027239844
2019-W19,North,all,0.150960586140875,0.0290287124023865,0.101996650008725,0.148244663918828,0.21547502484712,0.148231280734284
2019-W20,North,all,0.108036290449473,0.0211828896546024,0.0724193744558839,0.106017626373773,0.155214230558897,0.106007536405991
2019-W21,North,all,0.0737115659210343,0.0148515676972727,0.0488533399068867,0.072259467171118,0.106888665931758,0.072252128066788
2019-W22,North,all,0.0458365164074247,0.00958318982068516,0.0298946444431544,0.0448664122866093,0.0673266128275386,0.0448643926687458
2019-W23,North,all,0.0294969975747336,0.00645386705527698,0.0188453461531775,0.0288153321412639,0.0440397022259929,0.0288162597025986
2019-W24,North,all,0.0200200116596992,0.00461464863191357,0.0124761700856192,0.019508465576059,0.030477504426774,0.019511147741983
2019-W25,North,all,0.0137668489194774,0.00336338277525542,0.00832898312876825,0.0133735171069926,0.0214353940803461,0.0133783247962288
2019-W26,North,all,0.0101889580710612,0.00264502323648427,0.00596484444844753,0.00986207008791848,0.0162591448443822,0.009868299162054
2019-W27,North,all,0.00823986190189508,0.00227380224007866,0.00465662671354097,0.00794298392330199,0.0134942404331765,0.00795027683402986
2019-W28,North,all,0.0070239980518326,0.00206677452534644,0.00381529586042863,0.0067383495291668,0.0118352515236494,0.00674699085142068
2019-W29,North,all,0.00603299747737434,0.00190737298477557,0.00312454444819536,0.00575235479184717,0.0105100964697549,0.00576259943250858
2019-W30,North,all,0.00486288322503841,0.00167050058072012,0.00237302096748514,0.0045990877393411,0.00882246776640588,0.00461022994763441
2019-W31,North,all,0.00341193960615402,0.00129218506921782,0.00154284824473651,0.00319077455031643,0.00651165590677154,0.00320085969677819
2019-W32,North,all,0.00203759149443264,0.000873152641017596,0.000828245370746776,0.00187287565873785,0.00416528428423212,0.0018803327827216
2019-W33,North,all,0.00112273989030955,0.000567263147182682,0.000388259596135029,0.00100209628984717,0.00253317907417912,0.00100719573402608
2019-W34,North,all,0.000607161838274172,0.000378474491722681,0.000164724982193572,0.000515253883690918,0.00156770881077512,0.000518848807918619
2019-W35,North,all,0.000334579216133131,0.00026792631214001,6.42088032701936e-05,0.000261162325977162,0.00102206566735532,0.000263763689357347
2019-W36,North,all,0.000192728001061673,0.000205206569809401,2.32082432252355e-05,0.00013194092835514,0.00071119356055119,0.00013378057393755
2018-W45,Northeast,all,0.00526345035942299,0.00191889076574268,0.00244048134500112,0.00494507316433906,0.00978962400797666,0.0049769929477523
2018-W46,Northeast,all,0.00816097526765107,0.00251675714501107,0.00426843275313084,0.00779855952683647,0.0139613275253122,0.00784274246892805
2018-W47,Northeast,all,0.0127121611702051,0.0035430328817852,0.00710102270783337,0.0122454399660253,0.0208025195583919,0.0122958503121839
2018-W48,Northeast,all,0.0186686293771944,0.00479717214158938,0.0109476935731847,0.0180812138619171,0.0295587446038261,0.018130924408149
2018-W49,Northeast,all,0.0274312166375144,0.00655668987134579,0.016739611363944,0.0266796708877544,0.0422388906118455,0.0267262320739103
2018-W50,Northeast,all,0.0444430736070767,0.00996894148656082,0.0280133272096768,0.0433655125104289,0.0668536602795886,0.0434106304619345
2018-W51,Northeast,all,0.0852075027388546,0.018075634978125,0.0551534715893507,0.0833526255254081,0.125675451533557,0.0833983465725903
2018-W52,Northeast,all,0.168118843794884,0.0341760970524193,0.110921484683335,0.164749179898491,0.244373611911926,0.164794834756343
2019-W01,Northeast,all,0.307738874792361,0.0607380988813056,0.205626259222841,0.301914587158465,0.442912057913346,0.301960552952592
2019-W02,Northeast,all,0.472565523675108,0.0916875627941396,0.31801058717642,0.463914370869425,0.676285523310522,0.46396603003333
2019-W03,Northeast,all,0.362951097876288,0.0698971290985732,0.244988581538031,0.356402306487182,0.518139140262183,0.356438653684202
2019-W04,Northeast,all,0.234429534839377,0.0453724089061604,0.157917238283594,0.230158385904365,0.335219273015186,0.230182713712049
2019-W05,Northeast,all,0.241214112280866,0.0464222961246403,0.162888636360488,0.236867443322017,0.344330044082241,0.236870672605563
2019-W06,Northeast,all,0.283244097163104,0.0543940522537179,0.191466899232672,0.278161355301206,0.404097582482922,0.27814280178165
2019-W07,Northeast,all,0.327519980043472,0.0628694582176644,0.221457104870569,0.321647685651544,0.467239191343703,0.321610085057445
2019-W08,Northeast,all,0.359758128436667,0.0691224902266236,0.243175541973104,0.353296045214718,0.513410452218736,0.353246170781503
2019-W09,Northeast,all,0.366097780521321,0.0704389003076068,0.247322493077728,0.359503917715216,0.522699826859472,0.359452726739426
2019-W10,Northeast,all,0.362142310494487,0.0697144775996513,0.24459269449346,0.355613015501558,0.51713042602113,0.355566851608545
2019-W11,Northeast,all,0.379905287147039,0.0729740732952762,0.256806591948962,0.373084846475736,0.542083799391515,0.373043603164407
2019-W12,Northeast,all,0.439357061248138,0.0839626627869733,0.297594221050037,0.431547549103986,0.625833746888847,0.431508333760474
2019-W13,Northeast,all,0.524970537333238,0.0997100346878794,0.356436612536123,0.51575008287174,0.746242097759379,0.51571705727809
2019-W14,Northeast,all,0.619273574655636,0.117124339501915,0.421150934089427,0.608486163313771,0.879032416446354,0.608463190283708
2019-W15,Northeast,all,0.538321471660409,0.101993280367373,0.365805970363727,0.528911960336198,0.764496761401109,0.528918371516578
2019-W16,Northeast,all,0.432311689172674,0.0825422785893224,0.292828012567331,0.42464080110224,0.6154290402058,0.424674980787429
2019-W17,Northeast,all,0.345211167637153,0.0666918545746117,0.232685676352124,0.338943917260512,0.493275609325342,0.33900087804817
2019-W18,Northeast,all,0.280319397087496,0.0549164561623741,0.187846719279869,0.275090193508384,0.40237384546619,0.275156681520165
2019-W19,Northeast,all,0.219658639702915,0.0437498054313895,0.146178263966824,0.21542726018582,0.317044025917594,0.215490055776853
2019-W20,Northeast,all,0.160086178432248,0.0325518014867892,0.105597722355341,0.156875865321659,0.232696007286015,0.156928150626635
2019-W21,Northeast,all,0.111707448803033,0.023334421563225,0.0728259752788663,0.109347264703717,0.163905192164219,0.10938813325125
2019-W22,Northeast,all,0.0712093649956915,0.015410791677998,0.0456865763553537,0.0695981796275498,0.10580706776108,0.0696307840135272
2019-W23,Northeast,all,0.0470343046275321,0.0106245381825315,0.0295747375155794,0.045878374125272,0.0709970585317815,0.0459044417651785
2019-W24,Northeast,all,0.0327988719589656,0.00777844361192821,0.0201362991565635,0.0319136890273503,0.0504411106789317,0.0319345242455239
2019-W25,Northeast,all,0.0231857729382526,0.0058052657037607,0.0138389581039234,0.022491488569665,0.0364357259636562,0.0225092804478017
2019-W26,Northeast,all,0.0176546424658199,0.00467748588994901,0.0102164857724342,0.0170658308679333,0.0284070576696341,0.0170807932726559
2019-W27,Northeast,all,0.0147008048857087,0.00412237009792804,0.00823407086647743,0.0141548089164715,0.0242546888127155,0.0141663608210272
2019-W28,Northeast,all,0.0129084496517663,0.00384201933169875,0.00697365039339191,0.0123720730515218,0.0218959958782118,0.0123799927428033
2019-W29,Northeast,all,0.011420905270678,0.00363454155369138,0.00590927182569824,0.0108831051337,0.0200158917967311,0.0108874897604251
2019-W30,Northeast,all,0.00948336299149253,0.00326264413060225,0.00464855353823074,0.00896749303063838,0.0172986894766394,0.00896841258525836
2019-W31,Northeast,all,0.00685411810201293,0.00258718231737546,0.00313296291524623,0.00641250132251093,0.013147155666229,0.00641057864592036
2019-W32,Northeast,all,0.00421571734706381,0.00179320282709976,0.00174326539882776,0.00387935034771577,0.0086582604688497,0.00387699448887954
2019-W33,Northeast,all,0.00239251216340736,0.00119674179221206,0.000846066919029355,0.00213975414656978,0.00541990653562896,0.00213919748561615
2019-W34,Northeast,all,0.0013327783466147,0.000821652251413688,0.000370982442027776,0.0011345087025887,0.00345228119121029,0.0011360851761485
2019-W35,Northeast,all,0.000756592369282001,0.000599237789344229,0.000149219448948882,0.000593100515734564,0.00231698863292084,0.000595801569357162
2019-W36,Northeast,all,0.000448947175321823,0.000472958713943657,5.560585643026e-05,0.000309080523433293,0.00166031626793481,0.000311839160703361
2018-W45,Northwest,all,0.0138788059279179,0.00506267338633188,0.00640771728840536,0.0130384262114975,0.0257365659580947,0.0131397003992806
2018-W46,Northwest,all,0.0203169106438836,0.00628227449898952,0.0105826740392957,0.0194101555309898,0.0347364394576339,0.0195324443937848
2018-W47,Northwest,all,0.0298785732523845,0.00837226617175782,0.0166224176625288,0.028770423954685,0.0489848961330179,0.0288911842743968
2018-W48,Northwest,all,0.0414322329588647,0.0107366561514737,0.0241881066918753,0.0401074565094622,0.065854529832885,0.0402069524801725
2018-W49,Northwest,all,0.0574862661551446,0.0139055926293203,0.0348907239833789,0.0558748083388383,0.0890032216086314,0.0559482398285631
2018-W50,Northwest,all,0.0879299122341161,0.0200396271575028,0.055048077091677,0.0857316248672769,0.133172068671184,0.08578297547188
2018-W51,Northwest,all,0.159129222631839,0.0344459670168587,0.102134936456228,0.155527147512136,0.236580254150325,0.155557716830977
2018-W52,Northwest,all,0.296136315469829,0.06169046421593,0.193418004483969,0.289912553846788,0.434352000431574,0.2899237108617
2019-W01,Northwest,all,0.510369598076042,0.103667204667236,0.337032372141894,0.500156044100454,0.742034338390614,0.500151886663223
2019-W02,Northwest,all,0.735004912676226,0.14741613555603,0.488010638139524,0.720653229414065,1.06401865094181,0.720629698260877
2019-W03,Northwest,all,0.526584433663749,0.105294986618694,0.350090426067932,0.51636264916521,0.76154508286354,0.516333163942509
2019-W04,Northwest,all,0.315892704167833,0.0636865484166039,0.209287685060051,0.309662144312092,0.458131458583535,0.309645865683183
2019-W05,Northwest,all,0.301015035219238,0.060515636550431,0.199692430996524,0.29511043775711,0.43617790495842,0.295077196055724
2019-W06,Northwest,all,0.32695681966749,0.0656534992253267,0.217017009867829,0.320558019855009,0.473591617469853,0.320516364050436
2019-W07,Northwest,all,0.350407300629053,0.0702785675511752,0.232690007655641,0.343565412215573,0.507334318631962,0.343527406802084
2019-W08,Northwest,all,0.358290039427014,0.071816143683614,0.237964934662463,0.351302439680743,0.518599647817451,0.351278702428216
2019-W09,Northwest,all,0.341626969427222,0.0685016307855586,0.226836634761667,0.334959533054275,0.49449243495826,0.334956300838432
2019-W10,Northwest,all,0.319483261143349,0.0641201387308902,0.212028624107089,0.313236903348119,0.462538993959056,0.313251342174513
2019-W11,Northwest,all,0.320209695507165,0.064281176756349,0.21247180936715,0.31394625126376,0.463592374553595,0.313974188241483
2019-W12,Northwest,all,0.357633420270727,0.0717287299446968,0.237383463417703,0.350650272870402,0.517588812713704,0.350690112214961
2019-W13,Northwest,all,0.417560604377893,0.0836857487783783,0.277242795491023,0.409419087911157,0.604154106922195,0.409469451967483
2019-W14,Northwest,all,0.486881415658223,0.0976723141701612,0.323145327625898,0.477370608990122,0.704696535820505,0.477424376058923
2019-W15,Northwest,all,0.421858393530805,0.0850531316777407,0.279400626425549,0.413537226184696,0.611642992659902,0.413581709117015
2019-W16,Northwest,all,0.339281987668951,0.0690226217444881,0.223854784490813,0.332471773821589,0.493458148040629,0.332505036921589
2019-W17,Northwest,all,0.271877887685302,0.0559998749818142,0.178432781898754,0.266287871679177,0.397147765336635,0.266311480424068
2019-W18,Northwest,all,0.221374539677136,0.0463492194023528,0.144261750263105,0.216676377074779,0.325264277273105,0.216689924330937
2019-W19,Northwest,all,0.173690475084738,0.0371814429786349,0.112085515563298,0.169842563914307,0.257265691216305,0.169845185922398
2019-W20,Northwest,all,0.126663078162471,0.0279331341938074,0.080646991626831,0.123690996276308,0.189698169659854,0.123682201092749
2019-W21,Northwest,all,0.0884462695378574,0.020274185535371,0.0553098489045508,0.0862103233015299,0.134449136065715,0.0861897078757004
2019-W22,Northwest,all,0.0564467363832644,0.0135831831455009,0.034475244181548,0.0548801444389393,0.0874872004668105,0.0548538184365052
2019-W23,Northwest,all,0.0373565713488889,0.00951482999559893,0.0221646748266944,0.0362007841083137,0.0592956353290597,0.0361689920624106
2019-W24,Northwest,all,0.0261078972172833,0.00708230582056285,0.0149741300709779,0.0251972485076727,0.0426140047788249,0.0251600034945854
2019-W25,Northwest,all,0.0184991539703899,0.00537268842419245,0.0102032549818875,0.0177650870334806,0.031173876388136,0.0177250110452699
2019-W26,Northwest,all,0.014119773846362,0.0043994742046162,0.00746134324181669,0.0134805580385937,0.0246402084892882,0.0134357715714349
2019-W27,Northwest,all,0.0117876564715531,0.00394087584087202,0.00595211629264076,0.0111794317312436,0.0213586381234097,0.0111261025411982
2019-W28,Northwest,all,0.0103805761791571,0.00373008509435854,0.00498815501678811,0.00976902790841576,0.0195967072756196,0.00970478059933379
2019-W29,Northwest,all,0.00921558238402737,0.00357558239745635,0.00418435710540137,0.00859156302266694,0.0182132371481912,0.0085172069723377
2019-W30,Northwest,all,0.00768226310463732,0.00324083289508881,0.00326165434196056,0.00707820210711945,0.0159944365518294,0.00700121732977581
2019-W31,Northwest,all,0.00557814332416712,0.00258306222317602,0.00218159343778025,0.00506177686865574,0.0123319766144874,0.00499583087171499
2019-W32,Northwest,all,0.00344980057104312,0.001786409784553,0.00120831357041956,0.00306343773523878,0.00820703783077957,0.00301870784912023
2019-W33,Northwest,all,0.00197045382987525,0.00117849405891846,0.000586538632563522,0.00169107907546851,0.00515608829456932,0.00166609844921261
2019-W34,Northwest,all,0.00110578660431168,0.000795321084468813,0.000258517981462005,0.000897709081546721,0.00327082261058146,0.000886189904186676
2019-W35,Northwest,all,0.000632925885942091,0.00057077340504083,0.000104882543529407,0.000470028874056495,0.00217314248268127,0.000465911848117819
2019-W36,Northwest,all,0.000378944769884397,0.000445997708724165,3.94731583349532e-05,0.000245365356963054,0.00154042371975482,0.000244587179406159
2018-W45,Southeast,all,0.0120624228501093,0.00433066243195311,0.00572248938218001,0.0113529199145713,0.022495361891385,0.0113555586851999
2018-W46,Southeast,all,0.0176699435069598,0.00537813308285039,0.00941448736098646,0.0169042870303518,0.0303338240400264,0.0169057656701016
2018-W47,Southeast,all,0.0260134780319493,0.00719199535948448,0.0147110402741651,0.0250728771523027,0.0427282077792524,0.0250715785342239
2018-W48,Southeast,all,0.0361023069799773,0.00925734759248451,0.0213065854295278,0.0349709196607406,0.0573981544233854,0.0349679446257808
2018-W49,Southeast,all,0.0501298662141109,0.0120298586491354,0.0306321385288897,0.0487459342444628,0.0775589941616255,0.0487436919682362
2018-W50,Southeast,all,0.0767358913336277,0.0173814943314968,0.0482384860211883,0.0748399952750949,0.116072948276656,0.074840121359926
2018-W51,Southeast,all,0.139024181935694,0.0299338665487622,0.0894816079053989,0.135909479777262,0.206360472947056,0.135909774662717
2018-W52,Southeast,all,0.259200895066697,0.0537023595653867,0.169706155841566,0.253810676754947,0.379462441670573,0.253814115073319
2019-W01,Southeast,all,0.448011370117092,0.0904319674076394,0.296626479409053,0.439154194012583,0.649926034045813,0.439162836718708
2019-W02,Southeast,all,0.648811448063158,0.129164794671483,0.432081837200167,0.636324410076808,0.936764632425531,0.636337766705024
2019-W03,Southeast,all,0.469313993471079,0.0930416530658834,0.313077128186998,0.460354479082799,0.676621062222897,0.460371917074636
2019-W04,Southeast,all,0.285419333571116,0.057005151439943,0.189793839333561,0.279891517505248,0.412497332278021,0.279917170742654
2019-W05,Southeast,all,0.27679621645836,0.0550869201099079,0.184339929579664,0.271472262018537,0.399564763371734,0.271491767202853
2019-W06,Southeast,all,0.306838469096556,0.0609635931760656,0.204491875692282,0.300955853786472,0.442683296904686,0.300976009191894
2019-W07,Southeast,all,0.336436128627846,0.0667411603327788,0.224360813245115,0.330005369648477,0.485129724833052,0.33002762723496
2019-W08,Southeast,all,0.352849456367779,0.0699314771781402,0.235402149310438,0.346117263889634,0.50864219442538,0.346137773292667
2019-W09,Southeast,all,0.345667863713173,0.0684907956357291,0.230641772467303,0.339075938873136,0.498259152596784,0.3390912605484
2019-W10,Southeast,all,0.33220913233801,0.0658140455489469,0.221685044774698,0.325875742807597,0.478851980507816,0.325883656609005
2019-W11,Southeast,all,0.341993236053324,0.0676779734850115,0.228331186781527,0.335487224097044,0.492795396358359,0.335485939920859
2019-W12,Southeast,all,0.391631577888937,0.0773290498960744,0.261728999669262,0.384213354158397,0.56392664905634,0.38420031934314
2019-W13,Southeast,all,0.4671257915655,0.0920772122497229,0.312417451886305,0.458307085857721,0.672267249425842,0.458281941994556
2019-W14,Southeast,all,0.553673298663046,0.109185938837065,0.370248188314225,0.543211574882013,0.796974056830467,0.543170105358461
2019-W15,Southeast,all,0.484477181344121,0.0959873016385792,0.323351404896159,0.475239500980535,0.698480390042947,0.475201682243711
2019-W16,Southeast,all,0.390851511379917,0.0780880119921694,0.259954651543736,0.383276949640156,0.565109219886413,0.383246067851481
2019-W17,Southeast,all,0.312105986434386,0.0630784922668992,0.206573515072115,0.305920574297511,0.453047565239753,0.305896342412919
2019-W18,Southeast,all,0.251360009606503,0.0515974358939305,0.16526005266211,0.246225921445158,0.366839771535348,0.246209812274685
2019-W19,Southeast,all,0.193708416779413,0.0406488704501295,0.126123783442938,0.189579302356013,0.284882379518965,0.189577733695036
2019-W20,Southeast,all,0.137796841326937,0.0298249328238844,0.0884549330255527,0.134678318840722,0.204873598365136,0.134699002801747
2019-W21,Southeast,all,0.0932896002180196,0.0210549999810757,0.0586878489126407,0.0910006789016128,0.140791094629373,0.0910466719859329
2019-W22,Southeast,all,0.0574543844706637,0.0136893101262991,0.0351493328296576,0.0558898566003118,0.0884350925149995,0.0559577605668159
2019-W23,Southeast,all,0.0365639183857724,0.00929325682315907,0.0215815461890142,0.0354372133871955,0.0576566393184279,0.0355209727751539
2019-W24,Southeast,all,0.0245134793477593,0.0066983275288803,0.0138509575320151,0.0236465727569378,0.0397512355900351,0.0237423516745691
2019-W25,Southeast,all,0.0166367966940557,0.00491718372396627,0.00892667976339965,0.0159545222214453,0.0278377653257118,0.0160564666890221
2019-W26,Southeast,all,0.0121502043649504,0.00389383329034023,0.00614956514481939,0.0115705525533893,0.0210222876171221,0.0116790555759748
2019-W27,Southeast,all,0.00970043019866951,0.00337143841250681,0.00460486390763693,0.00916279412671741,0.0173744238612373,0.00928203989377988
2019-W28,Southeast,all,0.00816881835541616,0.00308323889283621,0.00361192269396404,0.00764255467674926,0.0151727925795757,0.00777460148470915
2019-W29,Southeast,all,0.00693597919004515,0.00285363457069977,0.00282918378873148,0.00641431515099047,0.0134048645782158,0.00655588843786217
2019-W30,Southeast,all,0.00553103394373671,0.00249426935537812,0.00205566624812328,0.00504205777783943,0.0111800913190851,0.00517889047249477
2019-W31,Southeast,all,0.00384230573258893,0.00191373975403872,0.00128222208047187,0.00343931286433262,0.0081847875568997,0.0035493818153111
2019-W32,Southeast,all,0.00227288754825526,0.0012699333936523,0.000664499028310782,0.0019841803024766,0.00517717288154697,0.00205536752217323
2019-W33,Southeast,all,0.00124042756298256,0.000799683161825092,0.000303957724407588,0.00104255399049534,0.00309846554703339,0.00108223000310094
2019-W34,Southeast,all,0.00066416504373544,0.000512518303856537,0.000127407155843814,0.000525811905684838,0.0018774354746259,0.000546166000246251
2019-W35,Southeast,all,0.00036233552171541,0.00034838411906334,4.94880512066124e-05,0.000261188978423574,0.00119370058959983,0.000271318410447915
2019-W36,Southeast,all,0.000206725051291167,0.000257969044438802,1.78811075896085e-05,0.000129273458122979,0.00080840342620211,0.000134343781369004
2018-W45,Southwest,all,0.0114809788424781,0.00463128837128828,0.00500782187017187,0.0106473370893668,0.0230552355944791,0.0105970052930832
2018-W46,Southwest,all,0.0167479474154452,0.0058102882651572,0.00821893369832067,0.0158227996192989,0.0309332356959161,0.0157592031876598
2018-W47,Southwest,all,0.0245618903358038,0.00774326289112844,0.0128654475845771,0.0234253841803574,0.0431156896974499,0.023356642901545
2018-W48,Southwest,all,0.0339696531172631,0.0098882857780741,0.0186944979541354,0.0326159027956523,0.0572963230784817,0.0325534281904121
2018-W49,Southwest,all,0.0470253653108278,0.0127288741704958,0.0269830214893136,0.0453918667336361,0.0766468036359217,0.0453421196820099
2018-W50,Southwest,all,0.0718278187811785,0.0182114091935634,0.0426921727558835,0.0696247976840724,0.113731470267361,0.0695880624835188
2018-W51,Southwest,all,0.130000062972637,0.0310841562833913,0.0796145268286518,0.126435936483802,0.200884989300965,0.126408723757262
2018-W52,Southwest,all,0.242464780396146,0.0553240153515154,0.151909281520106,0.236389274782147,0.367802655116395,0.236376421678618
2019-W01,Southwest,all,0.419966325024818,0.0926097369435863,0.267365366712106,0.41011324015816,0.628858801712367,0.410115586279178
2019-W02,Southwest,all,0.61058489694026,0.131817108506772,0.39251497003127,0.596834931397505,0.907154047706178,0.596847426609572
2019-W03,Southwest,all,0.444279038588236,0.0949038290381215,0.286963023561532,0.434476897948009,0.657515909333603,0.43449427841599
2019-W04,Southwest,all,0.272100858149422,0.0582144236310039,0.175613055550428,0.266079474398339,0.402891206312569,0.266102671119425
2019-W05,Southwest,all,0.265829886747479,0.0565092550739108,0.17206451594685,0.260019797984775,0.392708246897452,0.260038208612027
2019-W06,Southwest,all,0.297045139659614,0.0629148953513778,0.192585008034668,0.290598480513412,0.438254505217036,0.29061668981232
2019-W07,Southwest,all,0.328547157258629,0.0693937659692038,0.213275777743476,0.321455115343051,0.484257237716506,0.321472458086447
2019-W08,Southwest,all,0.347701013043218,0.0733106501746512,0.225892374897426,0.340220951621568,0.512183143863705,0.340233626967219
2019-W09,Southwest,all,0.343653984663426,0.0723984525055733,0.223350420072845,0.336272618060861,0.506088302605204,0.336280005961901
2019-W10,Southwest,all,0.332837592901722,0.0700857708312297,0.21636963368081,0.325695255142347,0.49007867284498,0.325700618767703
2019-W11,Southwest,all,0.344750488549373,0.0725080897276801,0.224229865784005,0.337369508658608,0.507398152606112,0.337376869381472
2019-W12,Southwest,all,0.397065753162184,0.0833342635441903,0.258495766432555,0.388599537383898,0.583945501534879,0.388610333054442
2019-W13,Southwest,all,0.477144978766088,0.099984285948919,0.310842394458064,0.467002109913373,0.701318884461811,0.467016037290413
2019-W14,Southwest,all,0.571752746669374,0.119885802854721,0.37238135876183,0.559583679140766,0.840586314220823,0.559592786151157
2019-W15,Southwest,all,0.508393526690202,0.107149814373826,0.330370377236528,0.497464771906493,0.748819104630834,0.497468674225733
2019-W16,Southwest,all,0.418854764024198,0.0891301514251767,0.271029801100064,0.409681915596087,0.619078688808922,0.409680825969617
2019-W17,Southwest,all,0.34296800913311,0.073978899264445,0.22057761478813,0.335257356995906,0.50942665927111,0.335252582318927
2019-W18,Southwest,all,0.284545831220061,0.0624965775877371,0.181501906102955,0.277921309110759,0.425480195203931,0.277911768119267
2019-W19,Southwest,all,0.226903352274608,0.0510546915395113,0.143114680484058,0.221368823869302,0.342383582382833,0.221354346740796
2019-W20,Southwest,all,0.167662674264859,0.0389350237170213,0.104161633295403,0.163316880681713,0.256083517645837,0.163299421546315
2019-W21,Southwest,all,0.118269766882499,0.0285834640988467,0.0720321026481611,0.114960041150604,0.183521614378809,0.114940778493636
2019-W22,Southwest,all,0.0760622324365959,0.0193063933669023,0.0451544898563318,0.0737243988582717,0.120416490576173,0.0737095917992771
2019-W23,Southwest,all,0.0506032447100853,0.0135914967462186,0.0291174664743547,0.0488711499324731,0.0820623161379137,0.0488600979546263
2019-W24,Southwest,all,0.0354762798273102,0.0101409290539011,0.0196792248460858,0.0341100607878892,0.0591450035222815,0.0341025957015393
2019-W25,Southwest,all,0.0251713923603649,0.00769553158283336,0.0133825117567413,0.0240715584198046,0.0432910452328432,0.0240693569769053
2019-W26,Southwest,all,0.019210257935611,0.00629474230197037,0.00974335198058208,0.018255196033647,0.0341665179506357,0.0182574973624485
2019-W27,Southwest,all,0.0160193953448999,0.00562824976972271,0.00772165673653487,0.0151137159776484,0.0295158013708398,0.015119880130349
2019-W28,Southwest,all,0.0140838493637985,0.00531533032229871,0.00641749257877916,0.0131766665461164,0.0269500256743496,0.0131871360427882
2019-W29,Southwest,all,0.012479891295622,0.00508222131810655,0.0053320203137056,0.0115582369383834,0.0249024744698484,0.0115734771518042
2019-W30,Southwest,all,0.0103834501787831,0.00459310578610592,0.00411355999278656,0.00949588802325093,0.0217273876546093,0.00951458597855057
2019-W31,Southwest,all,0.00752556893723298,0.00364890986552672,0.00272313415695772,0.00677156040225094,0.01663879158651,0.00678980721193015
2019-W32,Southwest,all,0.00464534447564275,0.00251271810307083,0.00149470782135138,0.0040859063713765,0.0109995731979579,0.00410021393931361
2019-W33,Southwest,all,0.00264717059109504,0.00164743574435913,0.000721213528041296,0.00224748060514122,0.00686907066691832,0.00225773195100213
2019-W34,Southwest,all,0.00148121186841286,0.00110313758933154,0.000317158586852698,0.00118795448186482,0.00433658706210407,0.00119542554679629
2019-W35,Southwest,all,0.000844947913852123,0.000785171977411188,0.000128747346730731,0.000618961352976125,0.00287145785392084,0.00062455160686184
2019-W36,Southwest,all,0.000504109159470178,0.000608991872781943,4.85364320703234e-05,0.000321447579547802,0.00202624239925908,0.00032556050736331
