PUMA5CE,pathogen,epi_week,latent_field_mean,latent_field_0_025quant,latent_field_0_5quant,latent_field_0_975quant,latent_field_mode,latent_field_quintile
11601,h1n1pdm,2018_W47,0.001615555,0.000514546,0.001618765,0.005011862,0.001625369,1
11602,h1n1pdm,2018_W47,0.002286059,0.000758228,0.002290433,0.0068131,0.002299432,1
11603,h1n1pdm,2018_W47,0.000788995,0.000241418,0.000790673,0.002545711,0.000794127,1
11604,h1n1pdm,2018_W47,0.001113992,0.000347679,0.001116264,0.003525585,0.001120943,1
11605,h1n1pdm,2018_W47,0.000873465,0.000252096,0.000875175,0.00299044,0.000878697,1
11606,h1n1pdm,2018_W47,0.000564225,6.04E-05,0.000564663,0.005238872,0.000565604,1
11607,h1n1pdm,2018_W47,0.00156198,0.000271902,0.001563395,0.008913774,0.001566374,1
11608,h1n1pdm,2018_W47,0.00027833,2.08E-05,0.00027854,0.003709013,0.000278994,1
11609,h1n1pdm,2018_W47,0.003423833,0.000607602,0.003426705,0.019173283,0.003432767,2
11610,h1n1pdm,2018_W47,0.002271982,0.000355543,0.002273704,0.014432946,0.002277363,1
11611,h1n1pdm,2018_W47,0.000678155,9.67E-05,0.000678818,0.004721367,0.000680216,1
11612,h1n1pdm,2018_W47,0.000711493,7.58E-05,0.000712043,0.006640494,0.000713224,1
11613,h1n1pdm,2018_W47,0.000644439,7.05E-05,0.00064498,0.005851038,0.000646136,1
11614,h1n1pdm,2018_W47,0.001005424,9.69E-05,0.001006094,0.01037376,0.001007548,1
11615,h1n1pdm,2018_W47,0.005647196,0.001049207,0.005651523,0.030219553,0.005660676,2
11616,h1n1pdm,2018_W47,0.000816399,7.60E-05,0.000816961,0.008711826,0.000818179,1
11601,h1n1pdm,2018_W48,0.002329163,0.000840836,0.002332643,0.006392924,0.002339807,1
11602,h1n1pdm,2018_W48,0.003211123,0.00120362,0.003215722,0.008491743,0.003225187,2
11603,h1n1pdm,2018_W48,0.00117916,0.000408679,0.001181036,0.003369213,0.001184901,1
11604,h1n1pdm,2018_W48,0.001631524,0.000576928,0.001634021,0.004570718,0.001639163,1
11605,h1n1pdm,2018_W48,0.001303983,0.000427001,0.001305893,0.003946002,0.001309834,1
11606,h1n1pdm,2018_W48,0.000839985,0.000104287,0.000840485,0.006730554,0.000841571,1
11607,h1n1pdm,2018_W48,0.002213169,0.000442524,0.002214663,0.011011027,0.002217835,1
11608,h1n1pdm,2018_W48,0.000425761,3.72E-05,0.000426015,0.004849178,0.000426572,1
11609,h1n1pdm,2018_W48,0.00474187,0.000966268,0.004744824,0.023156326,0.004751115,2
11610,h1n1pdm,2018_W48,0.003155539,0.000568898,0.003157319,0.017421047,0.003161145,2
11611,h1n1pdm,2018_W48,0.001017078,0.000166642,0.00101783,0.006172023,0.00101943,1
11612,h1n1pdm,2018_W48,0.001059228,0.000130782,0.001059856,0.008534413,0.001061218,1
11613,h1n1pdm,2018_W48,0.00097144,0.000123003,0.000972067,0.00763034,0.00097342,1
11614,h1n1pdm,2018_W48,0.001470373,0.000165128,0.001471122,0.013029881,0.001472773,1
11615,h1n1pdm,2018_W48,0.00758346,0.00161707,0.007587765,0.035401733,0.00759696,2
11616,h1n1pdm,2018_W48,0.001206194,0.000131007,0.001206832,0.011050576,0.001208236,1
11601,h1n1pdm,2018_W49,0.003360138,0.001345914,0.003363738,0.008332255,0.003371169,2
11602,h1n1pdm,2018_W49,0.004513424,0.001869525,0.004518003,0.010826694,0.004527447,2
11603,h1n1pdm,2018_W49,0.0017634,0.000677961,0.00176541,0.00455391,0.00176956,1
11604,h1n1pdm,2018_W49,0.002391027,0.000937944,0.002393648,0.006053292,0.002399061,1
11605,h1n1pdm,2018_W49,0.001947949,0.000709524,0.001950007,0.005311929,0.001954266,1
11606,h1n1pdm,2018_W49,0.001251325,0.000178107,0.0012519,0.008753483,0.001253164,1
11607,h1n1pdm,2018_W49,0.003137855,0.000710296,0.003139413,0.013805181,0.003142759,2
11608,h1n1pdm,2018_W49,0.000651704,6.60E-05,0.000652016,0.006408985,0.000652711,1
11609,h1n1pdm,2018_W49,0.006571524,0.001515123,0.006574515,0.028392674,0.006580967,2
11610,h1n1pdm,2018_W49,0.004385525,0.000898259,0.004387345,0.02133109,0.004391315,2
11611,h1n1pdm,2018_W49,0.001526367,0.000283507,0.00152722,0.00817978,0.001529053,1
11612,h1n1pdm,2018_W49,0.001577931,0.00022327,0.00157865,0.011103832,0.001580235,1
11613,h1n1pdm,2018_W49,0.001465311,0.00021216,0.001466042,0.010074646,0.00146764,1
11614,h1n1pdm,2018_W49,0.002151719,0.000278427,0.002152561,0.016561737,0.00215445,1
11615,h1n1pdm,2018_W49,0.010190166,0.002456308,0.010194369,0.042123235,0.010203471,2
11616,h1n1pdm,2018_W49,0.001783244,0.000223286,0.001783975,0.014182388,0.001785609,1
11601,h1n1pdm,2018_W50,0.004854415,0.002114255,0.004858018,0.011091888,0.004865485,2
11602,h1n1pdm,2018_W50,0.006352992,0.002846554,0.006357354,0.014114643,0.006366396,2
11603,h1n1pdm,2018_W50,0.002640893,0.001104375,0.002642989,0.006282552,0.002647335,1
11604,h1n1pdm,2018_W50,0.003509115,0.0014969,0.003511784,0.008185401,0.003517318,2
11605,h1n1pdm,2018_W50,0.002914106,0.001159071,0.002916282,0.007290261,0.002920807,1
11606,h1n1pdm,2018_W50,0.001866772,0.000301466,0.001867444,0.011517406,0.001868946,1
11607,h1n1pdm,2018_W50,0.004455264,0.001127027,0.004456898,0.017554348,0.004460458,2
11608,h1n1pdm,2018_W50,0.000998982,0.000116123,0.000999374,0.008558482,0.001000257,1
11609,h1n1pdm,2018_W50,0.009120209,0.002347856,0.009123246,0.035318149,0.009129905,2
11610,h1n1pdm,2018_W50,0.00610368,0.001402754,0.006105553,0.026477674,0.006109717,2
11611,h1n1pdm,2018_W50,0.00229396,0.000477353,0.002294943,0.010981915,0.002297083,1
11612,h1n1pdm,2018_W50,0.002354012,0.000377752,0.002354852,0.014615898,0.002356734,1
11613,h1n1pdm,2018_W50,0.00221343,0.000362631,0.002214299,0.01345872,0.002216227,1
11614,h1n1pdm,2018_W50,0.003153302,0.000465417,0.003154267,0.021290847,0.003156472,2
11615,h1n1pdm,2018_W50,0.013712521,0.003685608,0.013716625,0.050872534,0.013725676,3
11616,h1n1pdm,2018_W50,0.002640139,0.000377348,0.002640992,0.018406091,0.002642934,1
11601,h1n1pdm,2018_W51,0.00703754,0.003274289,0.007041088,0.015073381,0.007048492,2
11602,h1n1pdm,2018_W51,0.008973351,0.004268699,0.0089774,0.018803331,0.008985865,2
11603,h1n1pdm,2018_W51,0.00396876,0.001774727,0.003970927,0.008841952,0.003975452,2
11604,h1n1pdm,2018_W51,0.005167903,0.002355964,0.005170585,0.011295424,0.005176186,2
11605,h1n1pdm,2018_W51,0.004374582,0.001870041,0.004376881,0.010195842,0.004381694,2
11606,h1n1pdm,2018_W51,0.002794576,0.000507644,0.002795373,0.01533589,0.002797188,1
11607,h1n1pdm,2018_W51,0.006347715,0.001775051,0.006349449,0.022639183,0.006353296,2
11608,h1n1pdm,2018_W51,0.001536625,0.000203631,0.001537123,0.01155339,0.001538261,1
11609,h1n1pdm,2018_W51,0.012701261,0.003610335,0.012704375,0.044571447,0.012711342,2
11610,h1n1pdm,2018_W51,0.008524431,0.002175222,0.008526378,0.033322309,0.008530805,2
11611,h1n1pdm,2018_W51,0.003459523,0.000798688,0.003460676,0.014937277,0.003463222,2
11612,h1n1pdm,2018_W51,0.003523975,0.000635821,0.003524971,0.019470198,0.003527242,2
11613,h1n1pdm,2018_W51,0.003355097,0.000616592,0.003356148,0.01819643,0.003358514,2
11614,h1n1pdm,2018_W51,0.004637129,0.000774143,0.004638247,0.027694028,0.004640859,2
11615,h1n1pdm,2018_W51,0.018516405,0.005485094,0.018520444,0.062362156,0.018529554,3
11616,h1n1pdm,2018_W51,0.00392235,0.000634664,0.003923358,0.024166134,0.003925699,2
11601,h1n1pdm,2018_W52,0.010242757,0.00501839,0.010246223,0.020853212,0.010253533,2
11602,h1n1pdm,2018_W52,0.012724573,0.0063307,0.012728279,0.025518628,0.012736133,2
11603,h1n1pdm,2018_W52,0.005987845,0.00282421,0.005990087,0.012660376,0.005994811,2
11604,h1n1pdm,2018_W52,0.007640869,0.003670802,0.007643552,0.015863172,0.007649213,2
11605,h1n1pdm,2018_W52,0.006592932,0.002990584,0.006595371,0.014494365,0.006600522,2
11606,h1n1pdm,2018_W52,0.004200022,0.000852345,0.00420096,0.020640366,0.004203139,2
11607,h1n1pdm,2018_W52,0.00907972,0.002782444,0.009081554,0.029563986,0.009085712,2
11608,h1n1pdm,2018_W52,0.002372955,0.000356367,0.002373578,0.015750578,0.002375028,1
11609,h1n1pdm,2018_W52,0.01775824,0.005523666,0.017761409,0.056974333,0.017768687,3
11610,h1n1pdm,2018_W52,0.01195226,0.003357761,0.011954264,0.042456348,0.011958954,2
11611,h1n1pdm,2018_W52,0.005237906,0.001331307,0.005239257,0.020552919,0.005242289,2
11612,h1n1pdm,2018_W52,0.005296245,0.00106705,0.005297415,0.026217049,0.005300139,2
11613,h1n1pdm,2018_W52,0.005105704,0.001045331,0.005106965,0.024867611,0.005109855,2
11614,h1n1pdm,2018_W52,0.006846111,0.001283992,0.006847388,0.036409271,0.006850455,2
11615,h1n1pdm,2018_W52,0.02510192,0.008118328,0.025105854,0.077467904,0.025114995,3
11616,h1n1pdm,2018_W52,0.005850286,0.001064583,0.00585146,0.032063813,0.005854256,2
11601,h1n1pdm,2019_W01,0.014928593,0.007618357,0.014931852,0.029200092,0.01493885,3
11602,h1n1pdm,2019_W01,0.018069181,0.009296168,0.018072427,0.035065244,0.018079475,3
11603,h1n1pdm,2019_W01,0.009046747,0.004453646,0.009049002,0.01833956,0.009053825,2
11604,h1n1pdm,2019_W01,0.011312979,0.005666311,0.011315574,0.022543822,0.011321141,2
11605,h1n1pdm,2019_W01,0.009950055,0.004742591,0.00995257,0.020832122,0.00995796,2
11606,h1n1pdm,2019_W01,0.0063211,0.001425372,0.006322144,0.027968405,0.006324655,2
11607,h1n1pdm,2019_W01,0.013005667,0.004338049,0.013007504,0.03892198,0.013011817,2
11608,h1n1pdm,2019_W01,0.00366958,0.000621595,0.003670319,0.021604052,0.003672088,2
11609,h1n1pdm,2019_W01,0.024863257,0.008402702,0.024866287,0.0734468,0.024873548,3
11610,h1n1pdm,2019_W01,0.016781849,0.005155294,0.016783777,0.0545357,0.016788511,3
11611,h1n1pdm,2019_W01,0.007941537,0.002208959,0.00794305,0.028487552,0.007946537,2
11612,h1n1pdm,2019_W01,0.007970924,0.001783499,0.007972225,0.035543246,0.00797536,2
11613,h1n1pdm,2019_W01,0.007780573,0.001765099,0.00778201,0.034215302,0.007785404,2
11614,h1n1pdm,2019_W01,0.010121479,0.002120955,0.010122848,0.048195939,0.010126286,2
11615,h1n1pdm,2019_W01,0.034077055,0.011941926,0.034080613,0.097091665,0.03408931,3
11616,h1n1pdm,2019_W01,0.008738022,0.00177874,0.008739309,0.042827919,0.008742503,2
11601,h1n1pdm,2019_W02,0.021697735,0.011440164,0.021700406,0.041100398,0.021706376,3
11602,h1n1pdm,2019_W02,0.02558761,0.013502743,0.025590032,0.048434599,0.025595602,3
11603,h1n1pdm,2019_W02,0.013630394,0.006949275,0.013632421,0.026696358,0.013636898,3
11604,h1n1pdm,2019_W02,0.016703394,0.00865315,0.016705608,0.032199945,0.016710535,3
11605,h1n1pdm,2019_W02,0.014974926,0.007445102,0.014977249,0.030075171,0.014982376,3
11606,h1n1pdm,2019_W02,0.009486957,0.00236659,0.009487975,0.037959565,0.009490593,2
11607,h1n1pdm,2019_W02,0.018577436,0.006708152,0.018578994,0.051376203,0.018582947,3
11608,h1n1pdm,2019_W02,0.00565896,0.001077022,0.00565974,0.029665936,0.005661714,2
11609,h1n1pdm,2019_W02,0.03471434,0.012673601,0.034716725,0.0949625,0.034723029,3
11610,h1n1pdm,2019_W02,0.023497544,0.007849178,0.023499063,0.070247297,0.02350323,3
11611,h1n1pdm,2019_W02,0.01200728,0.00363779,0.012008783,0.039561807,0.012012428,2
11612,h1n1pdm,2019_W02,0.011963068,0.002959515,0.011964331,0.048267583,0.011967596,2
11613,h1n1pdm,2019_W02,0.0118239,0.002959264,0.011825351,0.047151168,0.011828978,2
11614,h1n1pdm,2019_W02,0.014922353,0.003477769,0.014923605,0.063913622,0.014927064,3
11615,h1n1pdm,2019_W02,0.046132789,0.017409493,0.046135316,0.122099614,0.046142333,3
11616,h1n1pdm,2019_W02,0.013014948,0.002950645,0.013016167,0.057299775,0.013019456,2
11601,h1n1pdm,2019_W03,0.031221994,0.016904018,0.031223517,0.05761958,0.031227403,3
11602,h1n1pdm,2019_W03,0.035873559,0.019303551,0.035874673,0.066617877,0.035877867,3
11603,h1n1pdm,2019_W03,0.020331791,0.010671164,0.020333188,0.038700623,0.020336562,3
11604,h1n1pdm,2019_W03,0.024416472,0.013003499,0.02441785,0.045805693,0.024421282,3
11605,h1n1pdm,2019_W03,0.022312731,0.011504496,0.022314383,0.043231124,0.022318342,3
11606,h1n1pdm,2019_W03,0.014096509,0.003874959,0.014097238,0.051205715,0.014099491,3
11607,h1n1pdm,2019_W03,0.02627173,0.010221898,0.026272554,0.067452075,0.026275279,3
11608,h1n1pdm,2019_W03,0.008639873,0.001841059,0.008640522,0.040471733,0.008642405,2
11609,h1n1pdm,2019_W03,0.047985428,0.018829261,0.047986407,0.122170047,0.047990309,3
11610,h1n1pdm,2019_W03,0.032572786,0.011772528,0.032573394,0.090030729,0.032576048,3
11611,h1n1pdm,2019_W03,0.017973594,0.00590715,0.017974737,0.05461308,0.017977901,3
11612,h1n1pdm,2019_W03,0.017775702,0.004842742,0.017776601,0.0651514,0.017779409,3
11613,h1n1pdm,2019_W03,0.017789358,0.004893044,0.01779048,0.064576852,0.017793729,3
11614,h1n1pdm,2019_W03,0.021781155,0.00562198,0.02178192,0.084265532,0.021784732,3
11615,h1n1pdm,2019_W03,0.061831036,0.024989072,0.061831635,0.152854991,0.061835255,4
11616,h1n1pdm,2019_W03,0.01919208,0.00482634,0.019192891,0.076203702,0.019195667,3
11601,h1n1pdm,2019_W04,0.044135194,0.024418515,0.044135054,0.079730272,0.044135901,3
11602,h1n1pdm,2019_W04,0.049408358,0.026991262,0.049407805,0.090399173,0.049407982,3
11603,h1n1pdm,2019_W04,0.02979356,0.016020028,0.029793882,0.055374389,0.029795328,3
11604,h1n1pdm,2019_W04,0.035062176,0.019103653,0.035062263,0.064315275,0.035063355,3
11605,h1n1pdm,2019_W04,0.032660085,0.017380113,0.032660493,0.061334,0.032662202,3
11606,h1n1pdm,2019_W04,0.020576616,0.006208974,0.020576663,0.068115589,0.020577822,3
11607,h1n1pdm,2019_W04,0.036497961,0.015233617,0.036497491,0.087381186,0.036497924,3
11608,h1n1pdm,2019_W04,0.012958538,0.003080851,0.012958767,0.054428697,0.012960032,2
11609,h1n1pdm,2019_W04,0.065160819,0.02734722,0.065159562,0.155153432,0.065159475,4
11610,h1n1pdm,2019_W04,0.044357218,0.017259938,0.044356358,0.113909782,0.044356438,3
11611,h1n1pdm,2019_W04,0.026430347,0.009387193,0.0264306,0.074342242,0.02643229,3
11612,h1n1pdm,2019_W04,0.025947094,0.007754261,0.025947141,0.086726695,0.025948588,3
11613,h1n1pdm,2019_W04,0.026292847,0.007918286,0.026293104,0.087205462,0.026294983,3
11614,h1n1pdm,2019_W04,0.031232177,0.008890055,0.031231936,0.109602239,0.031233146,3
11615,h1n1pdm,2019_W04,0.081410322,0.035044954,0.081408163,0.189000259,0.081406785,4
11616,h1n1pdm,2019_W04,0.02780222,0.007723851,0.027802126,0.099959566,0.027803474,3
11601,h1n1pdm,2019_W05,0.06059986,0.034124668,0.060597951,0.107577766,0.060595618,4
11602,h1n1pdm,2019_W05,0.066098256,0.036533718,0.066096102,0.119544366,0.066093466,4
11603,h1n1pdm,2019_W05,0.042406532,0.023264508,0.042405564,0.077265948,0.042404718,3
11604,h1n1pdm,2019_W05,0.048905254,0.027149872,0.048903893,0.088059549,0.048902403,3
11605,h1n1pdm,2019_W05,0.046434708,0.025394955,0.046433529,0.084871002,0.046432371,3
11606,h1n1pdm,2019_W05,0.029174145,0.009623804,0.029173135,0.088367415,0.029172502,3
11607,h1n1pdm,2019_W05,0.049250269,0.021949148,0.049248158,0.110454036,0.049245634,3
11608,h1n1pdm,2019_W05,0.018878468,0.004988702,0.018877953,0.071364582,0.018878002,3
11609,h1n1pdm,2019_W05,0.085945538,0.038379937,0.085941683,0.192366797,0.085936926,4
11610,h1n1pdm,2019_W05,0.058672385,0.024448579,0.058669794,0.140725358,0.058666806,4
11611,h1n1pdm,2019_W05,0.037751295,0.014432484,0.03775015,0.098676463,0.037749416,3
11612,h1n1pdm,2019_W05,0.036788486,0.01200963,0.036787219,0.112598414,0.036786451,3
11613,h1n1pdm,2019_W05,0.037746461,0.012397267,0.037745311,0.114830532,0.037744817,3
11614,h1n1pdm,2019_W05,0.043499552,0.013591073,0.043497864,0.139106374,0.043496656,3
11615,h1n1pdm,2019_W05,0.104114516,0.047459688,0.104109499,0.228297732,0.104102946,4
11616,h1n1pdm,2019_W05,0.039119939,0.011953307,0.039118486,0.127916504,0.039117569,3
11601,h1n1pdm,2019_W06,0.08006343,0.045737321,0.080059948,0.140113498,0.080054884,4
11602,h1n1pdm,2019_W06,0.085085486,0.047458984,0.085082023,0.152496071,0.085077207,4
11603,h1n1pdm,2019_W06,0.058078949,0.032396827,0.05807671,0.10408687,0.058073675,4
11604,h1n1pdm,2019_W06,0.065636302,0.037002439,0.065633598,0.116393671,0.06562979,4
11605,h1n1pdm,2019_W06,0.063524476,0.035569355,0.063521668,0.113418062,0.063517616,4
11606,h1n1pdm,2019_W06,0.039801238,0.014287559,0.039798968,0.11080651,0.039796168,3
11607,h1n1pdm,2019_W06,0.063947073,0.030276689,0.063943334,0.135013326,0.063937883,4
11608,h1n1pdm,2019_W06,0.026463798,0.007739691,0.026462297,0.090412524,0.026460687,3
11609,h1n1pdm,2019_W06,0.109076461,0.051533921,0.109070291,0.230784781,0.10906142,4
11610,h1n1pdm,2019_W06,0.074674998,0.033124537,0.074670849,0.168271851,0.074665129,4
11611,h1n1pdm,2019_W06,0.05188403,0.021261083,0.051881199,0.126549032,0.051877509,4
11612,h1n1pdm,2019_W06,0.050188968,0.017814202,0.050186144,0.14131038,0.050182712,3
11613,h1n1pdm,2019_W06,0.052142048,0.018595326,0.052139157,0.14611545,0.052135669,4
11614,h1n1pdm,2019_W06,0.058296298,0.019887198,0.058293,0.170772229,0.05828908,4
11615,h1n1pdm,2019_W06,0.128118831,0.061442309,0.128111654,0.267055382,0.128101292,5
11616,h1n1pdm,2019_W06,0.052965135,0.017710796,0.052962109,0.158286687,0.052958532,4
11601,h1n1pdm,2019_W07,0.100040874,0.057840126,0.100036787,0.17298421,0.100030939,4
11602,h1n1pdm,2019_W07,0.103585579,0.058212305,0.103581689,0.184266048,0.103576449,4
11603,h1n1pdm,2019_W07,0.075228642,0.042555046,0.075225813,0.132947321,0.075221981,4
11604,h1n1pdm,2019_W07,0.083311576,0.047575844,0.083308309,0.145846514,0.08330376,4
11605,h1n1pdm,2019_W07,0.082189333,0.046971335,0.082185765,0.143773963,0.082180582,4
11606,h1n1pdm,2019_W07,0.051353792,0.019957792,0.051350872,0.132066884,0.051347099,3
11607,h1n1pdm,2019_W07,0.078524885,0.039282212,0.078520587,0.156918906,0.078514296,4
11608,h1n1pdm,2019_W07,0.035084533,0.011300952,0.035082438,0.108845353,0.035079945,3
11609,h1n1pdm,2019_W07,0.130921965,0.065036709,0.130915287,0.263457975,0.130905817,5
11610,h1n1pdm,2019_W07,0.089885961,0.042163489,0.089881463,0.191543314,0.089875358,4
11611,h1n1pdm,2019_W07,0.067438967,0.029487626,0.067435243,0.154165165,0.067430167,4
11612,h1n1pdm,2019_W07,0.064756065,0.024860399,0.064752443,0.16858042,0.064747839,4
11613,h1n1pdm,2019_W07,0.068120193,0.026251921,0.068116343,0.176663903,0.068111412,4
11614,h1n1pdm,2019_W07,0.073888023,0.027354829,0.073884,0.199457529,0.073879085,4
11615,h1n1pdm,2019_W07,0.149103049,0.074691267,0.149095867,0.29753949,0.149085879,5
11616,h1n1pdm,2019_W07,0.067820022,0.024676054,0.067816226,0.186283005,0.067811557,4
11601,h1n1pdm,2019_W08,0.117658023,0.068717495,0.117654669,0.201386719,0.117650663,5
11602,h1n1pdm,2019_W08,0.118697022,0.067126332,0.118693823,0.209809564,0.118690316,5
11603,h1n1pdm,2019_W08,0.091716205,0.052501074,0.091713848,0.160163782,0.091711322,4
11604,h1n1pdm,2019_W08,0.099530492,0.057459241,0.099527787,0.172345393,0.099524713,4
11605,h1n1pdm,2019_W08,0.100088555,0.058222188,0.100085641,0.172002678,0.10008213,4
11606,h1n1pdm,2019_W08,0.062365584,0.026080362,0.062363188,0.149046776,0.062360719,4
11607,h1n1pdm,2019_W08,0.090758588,0.047665621,0.090755251,0.17274398,0.09075107,4
11608,h1n1pdm,2019_W08,0.043780092,0.015440632,0.043778336,0.124042566,0.04377678,3
11609,h1n1pdm,2019_W08,0.147906324,0.076697231,0.147901294,0.285111597,0.147895378,5
11610,h1n1pdm,2019_W08,0.101836386,0.050121178,0.101832986,0.206815711,0.101829272,4
11611,h1n1pdm,2019_W08,0.08250538,0.038295505,0.082502336,0.177664501,0.082498953,4
11612,h1n1pdm,2019_W08,0.078640724,0.032453534,0.078637747,0.190446316,0.078634771,4
11613,h1n1pdm,2019_W08,0.083764347,0.034686642,0.083761168,0.202160965,0.083757968,4
11614,h1n1pdm,2019_W08,0.088146199,0.035158242,0.08814293,0.220853501,0.088139858,4
11615,h1n1pdm,2019_W08,0.16332442,0.084751932,0.163319262,0.314606843,0.163313524,5
11616,h1n1pdm,2019_W08,0.081737397,0.032138397,0.081734283,0.20774873,0.081731318,4
11601,h1n1pdm,2019_W09,0.131511311,0.077419743,0.131509677,0.223302717,0.131509403,5
11602,h1n1pdm,2019_W09,0.129262957,0.0734528,0.12926123,0.227377543,0.129260915,5
11603,h1n1pdm,2019_W09,0.106268343,0.061413122,0.106267291,0.183803065,0.106267693,4
11604,h1n1pdm,2019_W09,0.113003095,0.065801303,0.113001799,0.193980949,0.113001834,5
11605,h1n1pdm,2019_W09,0.115836506,0.068374061,0.115835335,0.196161837,0.115835619,5
11606,h1n1pdm,2019_W09,0.071979554,0.032138593,0.071978494,0.161104146,0.071978868,4
11607,h1n1pdm,2019_W09,0.099691233,0.054521981,0.099689701,0.182196347,0.09968922,4
11608,h1n1pdm,2019_W09,0.05191951,0.019900734,0.051918839,0.135345025,0.051919641,4
11609,h1n1pdm,2019_W09,0.158799472,0.085187254,0.15879702,0.295878473,0.158796364,5
11610,h1n1pdm,2019_W09,0.109648907,0.056073315,0.109647201,0.214300687,0.109646948,5
11611,h1n1pdm,2019_W09,0.095927379,0.046961091,0.095926165,0.195836558,0.095926686,4
11612,h1n1pdm,2019_W09,0.090762222,0.039949175,0.090760876,0.206068807,0.090761387,4
11613,h1n1pdm,2019_W09,0.097888986,0.043247431,0.097887676,0.22141914,0.097888496,4
11614,h1n1pdm,2019_W09,0.099936775,0.042549738,0.099935138,0.234560128,0.09993553,4
11615,h1n1pdm,2019_W09,0.170020874,0.090469732,0.170018275,0.31936513,0.170017684,5
11616,h1n1pdm,2019_W09,0.093621265,0.039433332,0.093619766,0.222116474,0.093620246,4
11601,h1n1pdm,2019_W10,0.14212756,0.084133535,0.142127957,0.239978624,0.14213197,5
11602,h1n1pdm,2019_W10,0.136106279,0.077577614,0.136106249,0.238669677,0.13610949,5
11603,h1n1pdm,2019_W10,0.119051526,0.069287888,0.119052072,0.204449794,0.119055948,5
11604,h1n1pdm,2019_W10,0.124046258,0.072680073,0.124046658,0.211607949,0.124050322,5
11605,h1n1pdm,2019_W10,0.129620912,0.077376189,0.129621805,0.217030811,0.129626482,5
11606,h1n1pdm,2019_W10,0.080323043,0.037918538,0.080323248,0.170029603,0.080326263,4
11607,h1n1pdm,2019_W10,0.10587411,0.059697618,0.105874262,0.187668596,0.105877184,4
11608,h1n1pdm,2019_W10,0.059532284,0.024565309,0.059532697,0.144150008,0.059535801,4
11609,h1n1pdm,2019_W10,0.164844921,0.090501632,0.164844708,0.300095712,0.164848543,5
11610,h1n1pdm,2019_W10,0.114148668,0.059947713,0.114148371,0.217229936,0.114150945,5
11611,h1n1pdm,2019_W10,0.10783682,0.055237201,0.10783745,0.210388899,0.107841827,4
11612,h1n1pdm,2019_W10,0.101281245,0.047083862,0.101281428,0.217709564,0.101285144,4
11613,h1n1pdm,2019_W10,0.110605046,0.051672734,0.110605564,0.236578343,0.110610239,5
11614,h1n1pdm,2019_W10,0.109550527,0.049218295,0.109550301,0.243663049,0.109553631,4
11615,h1n1pdm,2019_W10,0.171125619,0.092281945,0.1711251,0.317157842,0.171128617,5
11616,h1n1pdm,2019_W10,0.103679843,0.046269847,0.103679792,0.23215149,0.103683298,4
11601,h1n1pdm,2019_W11,0.151044121,0.089730755,0.151045927,0.254115303,0.151052947,5
11602,h1n1pdm,2019_W11,0.140923621,0.08045827,0.140924755,0.246691979,0.140930439,5
11603,h1n1pdm,2019_W11,0.13115193,0.076717499,0.13115359,0.224084389,0.131159958,5
11604,h1n1pdm,2019_W11,0.133896881,0.07878252,0.133898466,0.227442697,0.133904715,5
11605,h1n1pdm,2019_W11,0.142629023,0.085848435,0.142631311,0.236833575,0.142639033,5
11606,h1n1pdm,2019_W11,0.088139562,0.043480668,0.088140284,0.178544024,0.088144423,4
11607,h1n1pdm,2019_W11,0.110565585,0.06355655,0.110566659,0.192236759,0.110571457,5
11608,h1n1pdm,2019_W11,0.067123637,0.029472785,0.067124451,0.152747411,0.067128469,4
11609,h1n1pdm,2019_W11,0.168267555,0.093444324,0.168268587,0.302830474,0.168274929,5
11610,h1n1pdm,2019_W11,0.11685202,0.062215572,0.11685246,0.219338105,0.11685652,5
11611,h1n1pdm,2019_W11,0.119203532,0.063303561,0.119205034,0.224320265,0.119211308,5
11612,h1n1pdm,2019_W11,0.111135464,0.053938937,0.111136259,0.228822521,0.111141322,5
11613,h1n1pdm,2019_W11,0.122889845,0.06007343,0.122891116,0.251212085,0.122897465,5
11614,h1n1pdm,2019_W11,0.118087511,0.055225934,0.118087807,0.252323173,0.118092274,5
11615,h1n1pdm,2019_W11,0.169364792,0.091431599,0.169365547,0.313541119,0.169371568,5
11616,h1n1pdm,2019_W11,0.112905043,0.052691197,0.112905525,0.241755194,0.112910206,5
11601,h1n1pdm,2019_W12,0.159572012,0.095003867,0.159573635,0.26788093,0.159580466,5
11602,h1n1pdm,2019_W12,0.145045886,0.082881352,0.145046902,0.253696799,0.145052443,5
11603,h1n1pdm,2019_W12,0.143627843,0.084323357,0.143629279,0.244508461,0.143635465,5
11604,h1n1pdm,2019_W12,0.14367037,0.08477196,0.143671768,0.243360089,0.143677844,5
11605,h1n1pdm,2019_W12,0.156012849,0.094453993,0.156014854,0.257555164,0.156022259,5
11606,h1n1pdm,2019_W12,0.096142498,0.048898585,0.09614283,0.188911242,0.096146303,4
11607,h1n1pdm,2019_W12,0.11477909,0.066469607,0.114779995,0.198091842,0.114784519,5
11608,h1n1pdm,2019_W12,0.075234101,0.034662017,0.075234444,0.163176289,0.075237647,4
11609,h1n1pdm,2019_W12,0.170741457,0.094775098,0.170742394,0.307423338,0.170748613,5
11610,h1n1pdm,2019_W12,0.118909082,0.063340697,0.118909449,0.223094964,0.118913417,5
11611,h1n1pdm,2019_W12,0.130985622,0.071379526,0.130986611,0.240222906,0.130992029,5
11612,h1n1pdm,2019_W12,0.121224568,0.060615441,0.12122488,0.242279505,0.121229133,5
11613,h1n1pdm,2019_W12,0.135728677,0.068586848,0.135729318,0.268423212,0.135734602,5
11614,h1n1pdm,2019_W12,0.126534381,0.060657238,0.126534284,0.263781547,0.126538105,5
11615,h1n1pdm,2019_W12,0.166625775,0.088984121,0.16662666,0.311824353,0.16663295,5
11616,h1n1pdm,2019_W12,0.122220996,0.058755505,0.122221024,0.254069059,0.122224942,5
11601,h1n1pdm,2019_W13,0.166682995,0.09930557,0.166683179,0.279640915,0.166687274,5
11602,h1n1pdm,2019_W13,0.147603295,0.084332886,0.147603235,0.258210497,0.147606679,5
11603,h1n1pdm,2019_W13,0.155518317,0.09150156,0.155518402,0.264193861,0.155522129,5
11604,h1n1pdm,2019_W13,0.152415033,0.090051448,0.152415124,0.257842541,0.152418765,5
11605,h1n1pdm,2019_W13,0.168728188,0.102483736,0.168728535,0.277662643,0.168732859,5
11606,h1n1pdm,2019_W13,0.103687836,0.053537897,0.1036874,0.200697525,0.103689483,4
11607,h1n1pdm,2019_W13,0.117807413,0.067880256,0.11780744,0.204353631,0.117810295,5
11608,h1n1pdm,2019_W13,0.083372866,0.039633064,0.083372423,0.175270721,0.083374209,4
11609,h1n1pdm,2019_W13,0.171295553,0.093906437,0.171295451,0.312291103,0.171299689,5
11610,h1n1pdm,2019_W13,0.119635961,0.062909834,0.119635701,0.227381441,0.119638496,5
11611,h1n1pdm,2019_W13,0.142306518,0.07865116,0.142306259,0.257343641,0.14230938,5
11612,h1n1pdm,2019_W13,0.130736731,0.066340365,0.130736115,0.257489439,0.130738705,5
11613,h1n1pdm,2019_W13,0.148216279,0.076342473,0.148215695,0.287588617,0.148218765,5
11614,h1n1pdm,2019_W13,0.134054665,0.064756858,0.134053836,0.277334643,0.134056382,5
11615,h1n1pdm,2019_W13,0.162079119,0.084649701,0.162079167,0.310148804,0.162083807,5
11616,h1n1pdm,2019_W13,0.130811407,0.063685961,0.130810628,0.268519684,0.130813126,5
11601,h1n1pdm,2019_W14,0.170072535,0.101192655,0.170070779,0.285718324,0.170071064,5
11602,h1n1pdm,2019_W14,0.146718801,0.083697306,0.146717341,0.257075793,0.146717961,5
11603,h1n1pdm,2019_W14,0.164487635,0.096798046,0.164485853,0.279392995,0.164486036,5
11604,h1n1pdm,2019_W14,0.157936442,0.093254202,0.15793476,0.267370049,0.157934972,5
11605,h1n1pdm,2019_W14,0.17824601,0.108277902,0.178244082,0.293310721,0.178244044,5
11606,h1n1pdm,2019_W14,0.109228907,0.056300169,0.10922763,0.211802225,0.109228188,4
11607,h1n1pdm,2019_W14,0.11810791,0.066864292,0.118106635,0.208527732,0.118106975,5
11608,h1n1pdm,2019_W14,0.090247425,0.043419831,0.090246319,0.187465151,0.090246948,4
11609,h1n1pdm,2019_W14,0.167861665,0.08982692,0.167859856,0.313526491,0.167860752,5
11610,h1n1pdm,2019_W14,0.11757244,0.060241503,0.117571106,0.229338558,0.117571821,5
11611,h1n1pdm,2019_W14,0.151015465,0.083563696,0.151013774,0.272782949,0.151014236,5
11612,h1n1pdm,2019_W14,0.137722099,0.069765663,0.13772047,0.271721507,0.137721241,5
11613,h1n1pdm,2019_W14,0.15809506,0.081715857,0.15809322,0.305700592,0.158094028,5
11614,h1n1pdm,2019_W14,0.138724537,0.066329869,0.138722813,0.289957552,0.138723767,5
11615,h1n1pdm,2019_W14,0.153995635,0.077816362,0.153994066,0.304578622,0.153995452,5
11616,h1n1pdm,2019_W14,0.136754624,0.066210224,0.136752945,0.282293307,0.136753854,5
11601,h1n1pdm,2019_W15,0.165001678,0.097833627,0.164998877,0.278177444,0.164996972,5
11602,h1n1pdm,2019_W15,0.138669286,0.07885087,0.138667146,0.243762612,0.138666225,5
11603,h1n1pdm,2019_W15,0.165423194,0.097165351,0.165420307,0.28152187,0.165418307,5
11604,h1n1pdm,2019_W15,0.1556097,0.091626671,0.155607029,0.264169372,0.15560522,5
11605,h1n1pdm,2019_W15,0.179044445,0.10842294,0.179041147,0.295560035,0.179038397,5
11606,h1n1pdm,2019_W15,0.109408073,0.055356007,0.109406112,0.21612581,0.109405391,4
11607,h1n1pdm,2019_W15,0.112586769,0.061897455,0.112584568,0.204696984,0.112583052,5
11608,h1n1pdm,2019_W15,0.092885869,0.044322637,0.092884309,0.194545155,0.092884141,4
11609,h1n1pdm,2019_W15,0.156408599,0.080833571,0.156405595,0.302491812,0.156404016,5
11610,h1n1pdm,2019_W15,0.109862788,0.054206413,0.109860655,0.222544466,0.10985972,5
11611,h1n1pdm,2019_W15,0.152376231,0.083318816,0.152373513,0.278544533,0.152372022,5
11612,h1n1pdm,2019_W15,0.137947686,0.06862718,0.137945235,0.2771394,0.137944468,5
11613,h1n1pdm,2019_W15,0.160340753,0.081852367,0.160337974,0.313928946,0.160337046,5
11614,h1n1pdm,2019_W15,0.1364984,0.063492758,0.136495864,0.293272792,0.136495279,5
11615,h1n1pdm,2019_W15,0.139121269,0.067372571,0.139118637,0.28711875,0.139117704,5
11616,h1n1pdm,2019_W15,0.135937936,0.064288817,0.135935463,0.287271427,0.135934887,5
11601,h1n1pdm,2019_W16,0.151582132,0.089377882,0.151578907,0.256984788,0.151575886,5
11602,h1n1pdm,2019_W16,0.124101197,0.070225501,0.124098858,0.219218092,0.124097209,5
11603,h1n1pdm,2019_W16,0.157530609,0.092178885,0.157527175,0.26911515,0.157523921,5
11604,h1n1pdm,2019_W16,0.145173217,0.08507519,0.145170109,0.247633522,0.145167213,5
11605,h1n1pdm,2019_W16,0.170296221,0.102491249,0.170292186,0.282864636,0.170287811,5
11606,h1n1pdm,2019_W16,0.103766944,0.050749944,0.103764302,0.212060497,0.103762198,4
11607,h1n1pdm,2019_W16,0.101623771,0.053713441,0.101621004,0.192185216,0.101618241,4
11608,h1n1pdm,2019_W16,0.09052443,0.042016468,0.090522283,0.194923598,0.090520967,4
11609,h1n1pdm,2019_W16,0.137997044,0.068254046,0.13799341,0.278865634,0.137990301,5
11610,h1n1pdm,2019_W16,0.097205973,0.045723892,0.097203391,0.20654142,0.097201367,4
11611,h1n1pdm,2019_W16,0.145582479,0.077707357,0.145578839,0.272625837,0.145575468,5
11612,h1n1pdm,2019_W16,0.130835579,0.062966492,0.130832305,0.271714043,0.130829857,5
11613,h1n1pdm,2019_W16,0.153981684,0.076483126,0.153977927,0.309851347,0.15397503,5
11614,h1n1pdm,2019_W16,0.127174796,0.056665677,0.1271715,0.28524854,0.127169315,5
11615,h1n1pdm,2019_W16,0.119008997,0.054793119,0.11900594,0.258337454,0.119003781,5
11616,h1n1pdm,2019_W16,0.12794932,0.058156668,0.127946046,0.281335797,0.12794382,5
11601,h1n1pdm,2019_W17,0.131323261,0.076841444,0.131320116,0.224353392,0.131316836,5
11602,h1n1pdm,2019_W17,0.104738161,0.058880959,0.104735992,0.186232811,0.104734238,4
11603,h1n1pdm,2019_W17,0.141470535,0.082314395,0.141467017,0.243053015,0.141463257,5
11604,h1n1pdm,2019_W17,0.127721472,0.074344092,0.127718376,0.219343538,0.127715139,5
11605,h1n1pdm,2019_W17,0.152750868,0.091099964,0.152746647,0.256041547,0.152741574,5
11606,h1n1pdm,2019_W17,0.09281063,0.043295389,0.092807563,0.198852265,0.092804454,4
11607,h1n1pdm,2019_W17,0.086503752,0.043587946,0.086500954,0.17159678,0.086497889,4
11608,h1n1pdm,2019_W17,0.083198452,0.036913705,0.083195732,0.187412637,0.083193185,4
11609,h1n1pdm,2019_W17,0.114818009,0.053937054,0.114814509,0.244290246,0.114811219,5
11610,h1n1pdm,2019_W17,0.081108222,0.036068805,0.081105712,0.182284895,0.081103504,4
11611,h1n1pdm,2019_W17,0.131168334,0.067606835,0.131164106,0.254379313,0.131159362,5
11612,h1n1pdm,2019_W17,0.117022581,0.053770808,0.117018788,0.254543494,0.117015094,5
11613,h1n1pdm,2019_W17,0.139452173,0.066507447,0.139447685,0.29225621,0.139443123,5
11614,h1n1pdm,2019_W17,0.111739311,0.047066732,0.111735658,0.265114377,0.111732488,5
11615,h1n1pdm,2019_W17,0.096006205,0.04174581,0.096003465,0.220660022,0.096001408,4
11616,h1n1pdm,2019_W17,0.113570556,0.048925436,0.113566822,0.263476285,0.113563447,5
11601,h1n1pdm,2019_W18,0.107237426,0.062130876,0.107234793,0.185023831,0.107232028,4
11602,h1n1pdm,2019_W18,0.083319094,0.046445779,0.083317386,0.14940328,0.083316056,4
11603,h1n1pdm,2019_W18,0.119749521,0.069149956,0.119746342,0.20730106,0.119742792,5
11604,h1n1pdm,2019_W18,0.105912438,0.061106235,0.105909754,0.18350631,0.105906876,4
11605,h1n1pdm,2019_W18,0.129143864,0.076102961,0.129140015,0.219082508,0.12913523,5
11606,h1n1pdm,2019_W18,0.078242632,0.034428502,0.078239699,0.177718637,0.078236576,4
11607,h1n1pdm,2019_W18,0.069403996,0.033107618,0.069401738,0.145420395,0.069399417,4
11608,h1n1pdm,2019_W18,0.072073529,0.03012057,0.072070645,0.172360689,0.072067562,4
11609,h1n1pdm,2019_W18,0.090044892,0.039920229,0.090042245,0.202989151,0.090040085,4
11610,h1n1pdm,2019_W18,0.063788889,0.026632972,0.06378696,0.152684982,0.063785489,4
11611,h1n1pdm,2019_W18,0.111392214,0.054924431,0.111388115,0.225814509,0.111383276,5
11612,h1n1pdm,2019_W18,0.098656078,0.042804754,0.098652444,0.227254625,0.098648696,4
11613,h1n1pdm,2019_W18,0.119039293,0.053898519,0.11903482,0.262772315,0.119029901,5
11614,h1n1pdm,2019_W18,0.092538189,0.036447757,0.092534868,0.234794286,0.092531916,4
11615,h1n1pdm,2019_W18,0.073001187,0.029812378,0.07299934,0.178635754,0.072998451,4
11616,h1n1pdm,2019_W18,0.095017181,0.038348431,0.095013678,0.23528003,0.095010359,4
11601,h1n1pdm,2019_W19,0.082589836,0.047263646,0.082588234,0.144261685,0.082587006,4
11602,h1n1pdm,2019_W19,0.062511151,0.034478266,0.062510225,0.113284095,0.062509971,4
11603,h1n1pdm,2019_W19,0.095598288,0.054671888,0.09559603,0.16709794,0.0955938,4
11604,h1n1pdm,2019_W19,0.082832697,0.047259736,0.082830941,0.14512442,0.082829419,4
11605,h1n1pdm,2019_W19,0.10297748,0.059781852,0.102974788,0.17732179,0.102971794,4
11606,h1n1pdm,2019_W19,0.062210327,0.025586128,0.062208256,0.151163732,0.062206478,4
11607,h1n1pdm,2019_W19,0.052518186,0.023579471,0.052516969,0.116902297,0.052516338,4
11608,h1n1pdm,2019_W19,0.058886055,0.022902207,0.058883751,0.151309649,0.05888152,4
11609,h1n1pdm,2019_W19,0.066601263,0.027716624,0.066600013,0.159926911,0.06660002,4
11610,h1n1pdm,2019_W19,0.047315047,0.018440266,0.047314091,0.121312541,0.047314094,3
11611,h1n1pdm,2019_W19,0.089218021,0.041752208,0.08921507,0.190547699,0.089212062,4
11612,h1n1pdm,2019_W19,0.078442882,0.031845509,0.078440302,0.193098985,0.078438168,4
11613,h1n1pdm,2019_W19,0.095836457,0.040810919,0.095833124,0.224920858,0.095829956,4
11614,h1n1pdm,2019_W19,0.072278969,0.026382825,0.072276753,0.197868247,0.072275444,4
11615,h1n1pdm,2019_W19,0.052352487,0.019984903,0.052351872,0.137030838,0.052352813,4
11616,h1n1pdm,2019_W19,0.074974324,0.028081908,0.074971895,0.200025985,0.074970191,4
11601,h1n1pdm,2019_W20,0.061025346,0.034394239,0.061024576,0.108227441,0.061024542,4
11602,h1n1pdm,2019_W20,0.044995833,0.024490773,0.044995513,0.082626177,0.044996052,3
11603,h1n1pdm,2019_W20,0.073218814,0.041363126,0.073217355,0.129554695,0.07321623,4
11604,h1n1pdm,2019_W20,0.062152296,0.034969434,0.062151316,0.110416832,0.06215089,4
11605,h1n1pdm,2019_W20,0.078780202,0.044905053,0.078778513,0.138155209,0.078777032,4
11606,h1n1pdm,2019_W20,0.047455118,0.018105605,0.047453824,0.124289921,0.047453198,3
11607,h1n1pdm,2019_W20,0.038127504,0.016031432,0.038127026,0.090612981,0.038127492,3
11608,h1n1pdm,2019_W20,0.046158627,0.016543658,0.046156967,0.128692467,0.046155674,3
11609,h1n1pdm,2019_W20,0.047261572,0.018376997,0.047261245,0.121446009,0.047262515,3
11610,h1n1pdm,2019_W20,0.033670958,0.012189121,0.033670656,0.092930131,0.033671526,3
11611,h1n1pdm,2019_W20,0.068556802,0.030244374,0.068554914,0.15530937,0.06855354,4
11612,h1n1pdm,2019_W20,0.059839292,0.022558257,0.05983767,0.158615303,0.059836928,4
11613,h1n1pdm,2019_W20,0.074024413,0.029414442,0.074022191,0.186163683,0.074020672,4
11614,h1n1pdm,2019_W20,0.054163511,0.01818736,0.054162222,0.161163895,0.054162183,4
11615,h1n1pdm,2019_W20,0.036020458,0.012800688,0.03602056,0.101262194,0.036022377,3
11616,h1n1pdm,2019_W20,0.056757732,0.019576135,0.056756247,0.164423251,0.05675587,4
11601,h1n1pdm,2019_W21,0.043237163,0.023918428,0.043237326,0.078115548,0.04323876,3
11602,h1n1pdm,2019_W21,0.031056292,0.016628177,0.031056599,0.057967247,0.031058054,3
11603,h1n1pdm,2019_W21,0.053771685,0.029915754,0.053771254,0.096603681,0.053771752,4
11604,h1n1pdm,2019_W21,0.044717253,0.024730386,0.044717194,0.080814119,0.044718219,3
11605,h1n1pdm,2019_W21,0.057790646,0.032225392,0.057790217,0.103586395,0.057790813,4
11606,h1n1pdm,2019_W21,0.03471094,0.012208187,0.034710495,0.098604623,0.034711167,3
11607,h1n1pdm,2019_W21,0.026541843,0.010405294,0.026542015,0.067642579,0.026543437,3
11608,h1n1pdm,2019_W21,0.034694263,0.011368273,0.034693436,0.10578762,0.034693446,3
11609,h1n1pdm,2019_W21,0.032158603,0.01163496,0.032159021,0.088796181,0.032161277,3
11610,h1n1pdm,2019_W21,0.022976036,0.007692175,0.022976267,0.068555492,0.022977817,3
11611,h1n1pdm,2019_W21,0.050513836,0.020884872,0.050513175,0.122087011,0.050513774,3
11612,h1n1pdm,2019_W21,0.043770671,0.015225127,0.043770099,0.125723762,0.043770948,3
11613,h1n1pdm,2019_W21,0.054825721,0.02019503,0.054824811,0.148719308,0.054825346,4
11614,h1n1pdm,2019_W21,0.038919435,0.011948251,0.038919077,0.126643179,0.038920341,3
11615,h1n1pdm,2019_W21,0.023764379,0.007832659,0.023764987,0.072018028,0.023767353,3
11616,h1n1pdm,2019_W21,0.041200319,0.013001221,0.041199826,0.130433028,0.041200889,3
11601,h1n1pdm,2019_W22,0.02946357,0.015927419,0.029464782,0.05446055,0.029468003,3
11602,h1n1pdm,2019_W22,0.020616247,0.010812788,0.020617215,0.039274647,0.020619737,3
11603,h1n1pdm,2019_W22,0.037980609,0.020724888,0.037981485,0.06955614,0.037984241,3
11604,h1n1pdm,2019_W22,0.03094389,0.016749133,0.03094492,0.057125967,0.030947812,3
11605,h1n1pdm,2019_W22,0.040773867,0.022142105,0.040774967,0.075030415,0.040778256,3
11606,h1n1pdm,2019_W22,0.024419231,0.007872769,0.024419631,0.075656685,0.024421631,3
11607,h1n1pdm,2019_W22,0.017770792,0.006467576,0.017771513,0.048772266,0.017773741,3
11608,h1n1pdm,2019_W22,0.025081056,0.007462579,0.025081152,0.084199932,0.025082661,3
11609,h1n1pdm,2019_W22,0.021045967,0.007055915,0.021046964,0.062695495,0.021049967,3
11610,h1n1pdm,2019_W22,0.015079173,0.004649251,0.015079818,0.048842928,0.015081885,3
11611,h1n1pdm,2019_W22,0.035797432,0.013795231,0.035798057,0.092801255,0.035800792,3
11612,h1n1pdm,2019_W22,0.030793727,0.009826966,0.030794207,0.096385948,0.030796695,3
11613,h1n1pdm,2019_W22,0.039055123,0.013256967,0.039055598,0.11493526,0.039058379,3
11614,h1n1pdm,2019_W22,0.02689738,0.007508169,0.026897886,0.096235171,0.026900387,3
11615,h1n1pdm,2019_W22,0.015079528,0.004592434,0.015080475,0.049443509,0.015083157,3
11616,h1n1pdm,2019_W22,0.028764621,0.008257354,0.028765084,0.100078743,0.028767569,3
11601,h1n1pdm,2019_W23,0.019414214,0.010193207,0.019416494,0.036930943,0.019421627,3
11602,h1n1pdm,2019_W23,0.013233562,0.006758677,0.013235174,0.025878084,0.013238805,2
11603,h1n1pdm,2019_W23,0.02594011,0.01380187,0.025942469,0.048700815,0.025947923,3
11604,h1n1pdm,2019_W23,0.020705222,0.010902945,0.020707413,0.039274148,0.020712396,3
11605,h1n1pdm,2019_W23,0.027817163,0.014621761,0.027819895,0.052860845,0.02782617,3
11606,h1n1pdm,2019_W23,0.016611315,0.004882054,0.016612413,0.056436491,0.016615502,3
11607,h1n1pdm,2019_W23,0.011505064,0.003868861,0.011506174,0.034160958,0.011508951,2
11608,h1n1pdm,2019_W23,0.01753238,0.004707055,0.0175333,0.065205413,0.01753615,3
11609,h1n1pdm,2019_W23,0.013318254,0.00411898,0.013319619,0.042992456,0.013323045,3
11610,h1n1pdm,2019_W23,0.009569443,0.002705021,0.009570353,0.03379653,0.009572708,2
11611,h1n1pdm,2019_W23,0.024530106,0.008761408,0.024531855,0.068587397,0.024536469,3
11612,h1n1pdm,2019_W23,0.020948249,0.00609879,0.020949602,0.071846579,0.020953444,3
11613,h1n1pdm,2019_W23,0.026901691,0.008366045,0.026903371,0.086382287,0.026908111,3
11614,h1n1pdm,2019_W23,0.017974657,0.004537755,0.01797583,0.07108473,0.017979263,3
11615,h1n1pdm,2019_W23,0.009252443,0.002592841,0.009253556,0.032956591,0.009256308,2
11616,h1n1pdm,2019_W23,0.01941884,0.005043143,0.019420068,0.074654779,0.019423671,3
11601,h1n1pdm,2019_W24,0.012438454,0.006288546,0.012441796,0.024550833,0.012448904,2
11602,h1n1pdm,2019_W24,0.008259549,0.004073157,0.008261782,0.016712878,0.008266541,2
11603,h1n1pdm,2019_W24,0.017226231,0.00886114,0.01723022,0.033424907,0.017238754,3
11604,h1n1pdm,2019_W24,0.013470892,0.006841982,0.013474285,0.026468931,0.013481523,3
11605,h1n1pdm,2019_W24,0.018452545,0.009309397,0.018456951,0.036504394,0.01846638,3
11606,h1n1pdm,2019_W24,0.010987235,0.002925975,0.010988831,0.041174784,0.010992672,2
11607,h1n1pdm,2019_W24,0.007242421,0.002237591,0.007243768,0.023392295,0.007246852,2
11608,h1n1pdm,2019_W24,0.011916488,0.002868252,0.011918033,0.049408481,0.011921876,2
11609,h1n1pdm,2019_W24,0.008194798,0.002325362,0.00819635,0.02881577,0.008199925,2
11610,h1n1pdm,2019_W24,0.005904843,0.001522241,0.005905885,0.022854452,0.005908331,2
11611,h1n1pdm,2019_W24,0.016344029,0.005375571,0.016346651,0.049598207,0.01635272,3
11612,h1n1pdm,2019_W24,0.013856245,0.003657901,0.013858225,0.052382526,0.013863009,3
11613,h1n1pdm,2019_W24,0.0180175,0.005101018,0.018020091,0.063516281,0.01802629,3
11614,h1n1pdm,2019_W24,0.011679486,0.002651318,0.011681097,0.051341073,0.01168509,2
11615,h1n1pdm,2019_W24,0.005519983,0.001416229,0.005521133,0.021463511,0.005523776,2
11616,h1n1pdm,2019_W24,0.012746777,0.002977243,0.012748525,0.054460157,0.012752847,2
11601,h1n1pdm,2019_W25,0.007811567,0.003759017,0.007815894,0.016172701,0.007824893,2
11602,h1n1pdm,2019_W25,0.005053151,0.002378725,0.005055947,0.010694349,0.005061768,2
11603,h1n1pdm,2019_W25,0.011213266,0.005511317,0.011218938,0.022735916,0.011230738,2
11604,h1n1pdm,2019_W25,0.008590889,0.004159872,0.008595452,0.017678022,0.008604946,2
11605,h1n1pdm,2019_W25,0.011998468,0.005744482,0.012004493,0.024974829,0.012017046,2
11606,h1n1pdm,2019_W25,0.007123589,0.001707071,0.007125481,0.029644215,0.007129734,2
11607,h1n1pdm,2019_W25,0.00446894,0.001259737,0.004470402,0.015806661,0.004473596,2
11608,h1n1pdm,2019_W25,0.007939291,0.001701139,0.007941226,0.036950903,0.007945654,2
11609,h1n1pdm,2019_W25,0.004942599,0.001278281,0.004944202,0.019053198,0.004947724,2
11610,h1n1pdm,2019_W25,0.003571546,0.000834351,0.00357262,0.015242761,0.003575011,2
11611,h1n1pdm,2019_W25,0.01067443,0.003208154,0.010677657,0.035418468,0.010684718,2
11612,h1n1pdm,2019_W25,0.008983993,0.002135544,0.008986349,0.037690261,0.008991654,2
11613,h1n1pdm,2019_W25,0.011828673,0.003026601,0.011831854,0.046102947,0.011838961,2
11614,h1n1pdm,2019_W25,0.007438973,0.001508594,0.007440807,0.036578603,0.007445015,2
11615,h1n1pdm,2019_W25,0.003228087,0.000753542,0.003229189,0.013784304,0.003231615,2
11616,h1n1pdm,2019_W25,0.008201694,0.001711439,0.008203725,0.039194727,0.008208373,2
11601,h1n1pdm,2019_W26,0.004825598,0.002177196,0.004830776,0.010624761,0.004841443,2
11602,h1n1pdm,2019_W26,0.00304096,0.001346111,0.00304422,0.006824186,0.003050944,2
11603,h1n1pdm,2019_W26,0.007179835,0.003320058,0.007187137,0.015429067,0.007202166,2
11604,h1n1pdm,2019_W26,0.005389157,0.00245027,0.005394784,0.011776427,0.005406376,2
11605,h1n1pdm,2019_W26,0.007674268,0.003436071,0.007681798,0.017034948,0.007697312,2
11606,h1n1pdm,2019_W26,0.00454309,0.000971552,0.00454516,0.02116061,0.004549639,2
11607,h1n1pdm,2019_W26,0.002712486,0.000691549,0.002713999,0.010593257,0.002717214,1
11608,h1n1pdm,2019_W26,0.00520304,0.00098437,0.005205217,0.027396052,0.005209979,2
11609,h1n1pdm,2019_W26,0.002932342,0.000685435,0.002933933,0.012490557,0.002937332,2
11610,h1n1pdm,2019_W26,0.002124938,0.000446273,0.002125999,0.010075653,0.002128282,1
11611,h1n1pdm,2019_W26,0.006857601,0.001865655,0.006861273,0.025102067,0.006869068,2
11612,h1n1pdm,2019_W26,0.005729746,0.001216181,0.005732329,0.026888874,0.005737924,2
11613,h1n1pdm,2019_W26,0.007638701,0.001751102,0.007642279,0.033190698,0.00764998,2
11614,h1n1pdm,2019_W26,0.004660626,0.000837836,0.004662562,0.025825568,0.004666809,2
11615,h1n1pdm,2019_W26,0.001856927,0.000391284,0.001857953,0.008773091,0.001860149,1
11616,h1n1pdm,2019_W26,0.005190974,0.000960133,0.00519315,0.027956823,0.005197917,2
11601,h1n1pdm,2019_W27,0.002950325,0.001225836,0.002955995,0.007020453,0.002967639,2
11602,h1n1pdm,2019_W27,0.001811196,0.000740463,0.001814688,0.004379923,0.001821866,1
11603,h1n1pdm,2019_W27,0.004549902,0.001943051,0.004558389,0.010537098,0.004575789,2
11604,h1n1pdm,2019_W27,0.00334587,0.001402689,0.00335219,0.007892168,0.003365161,2
11605,h1n1pdm,2019_W27,0.004857958,0.001998941,0.004866542,0.011682254,0.004884151,2
11606,h1n1pdm,2019_W27,0.002867543,0.000541939,0.00286969,0.015087179,0.002874231,1
11607,h1n1pdm,2019_W27,0.001629433,0.000371789,0.001630937,0.007095341,0.001634083,1
11608,h1n1pdm,2019_W27,0.003374727,0.000558484,0.003377022,0.020282289,0.003381913,2
11609,h1n1pdm,2019_W27,0.001721789,0.000360096,0.001723317,0.008180685,0.001726522,1
11610,h1n1pdm,2019_W27,0.001251245,0.000233993,0.001252257,0.006650802,0.001254393,1
11611,h1n1pdm,2019_W27,0.004360195,0.001061834,0.004364138,0.017791883,0.004372368,2
11612,h1n1pdm,2019_W27,0.003616658,0.000678798,0.003619342,0.01916135,0.003625022,2
11613,h1n1pdm,2019_W27,0.004882127,0.00099252,0.004885923,0.023876878,0.00489392,2
11614,h1n1pdm,2019_W27,0.002889893,0.000456369,0.002891837,0.018201111,0.002895989,1
11615,h1n1pdm,2019_W27,0.001057184,0.000199167,0.001058115,0.005575804,0.001060074,1
11616,h1n1pdm,2019_W27,0.003251623,0.000528226,0.003253837,0.019907764,0.003258558,2
11601,h1n1pdm,2019_W28,0.001792304,0.000672221,0.001797978,0.00469215,0.001809617,1
11602,h1n1pdm,2019_W28,0.001071873,0.000396636,0.001075294,0.002843767,0.001082318,1
11603,h1n1pdm,2019_W28,0.00286492,0.0011068,0.002873845,0.007283568,0.002892122,1
11604,h1n1pdm,2019_W28,0.002064051,0.00078188,0.002070511,0.005351168,0.002083757,1
11605,h1n1pdm,2019_W28,0.00305558,0.001133195,0.003064516,0.008100357,0.003082815,2
11606,h1n1pdm,2019_W28,0.001798423,0.000297023,0.001800554,0.010800206,0.001804998,1
11607,h1n1pdm,2019_W28,0.000972588,0.000196185,0.000974022,0.004775496,0.000976991,1
11608,h1n1pdm,2019_W28,0.002174922,0.000311506,0.002177231,0.015069395,0.002182073,1
11609,h1n1pdm,2019_W28,0.001004544,0.000185761,0.001005958,0.005381883,0.001008893,1
11610,h1n1pdm,2019_W28,0.000732086,0.000120551,0.000733019,0.00440735,0.000734964,1
11611,h1n1pdm,2019_W28,0.002754627,0.000592817,0.002758647,0.01267918,0.002766955,1
11612,h1n1pdm,2019_W28,0.002268312,0.000372239,0.00227098,0.013710085,0.002276545,1
11613,h1n1pdm,2019_W28,0.003100431,0.00055247,0.00310427,0.017253432,0.003112254,2
11614,h1n1pdm,2019_W28,0.001780503,0.000244441,0.00178238,0.012870337,0.001786321,1
11615,h1n1pdm,2019_W28,0.00059804,9.96E-05,0.000598861,0.003557855,0.000600571,1
11616,h1n1pdm,2019_W28,0.002023835,0.000285733,0.002025995,0.014224855,0.002030527,1
11601,h1n1pdm,2019_W29,0.00108547,0.000359929,0.001090686,0.003185251,0.001101385,1
11602,h1n1pdm,2019_W29,0.000632391,0.000207389,0.000635468,0.001875735,0.000641786,1
11603,h1n1pdm,2019_W29,0.001798404,0.000615177,0.001806969,0.005116908,0.001824508,1
11604,h1n1pdm,2019_W29,0.001269392,0.000425437,0.001275445,0.00368616,0.001287852,1
11605,h1n1pdm,2019_W29,0.00191601,0.00062753,0.001924555,0.005702782,0.001942045,1
11606,h1n1pdm,2019_W29,0.001124445,0.000160285,0.001126468,0.007796314,0.00113065,1
11607,h1n1pdm,2019_W29,0.000578743,0.000101803,0.000580047,0.003244248,0.000582732,1
11608,h1n1pdm,2019_W29,0.001397375,0.000171196,0.001399603,0.011284072,0.001404226,1
11609,h1n1pdm,2019_W29,0.000584281,9.43E-05,0.000585535,0.003572496,0.00058812,1
11610,h1n1pdm,2019_W29,0.000427018,6.11E-05,0.000427845,0.002945265,0.000429555,1
11611,h1n1pdm,2019_W29,0.001734939,0.000325307,0.001738824,0.009125077,0.001746807,1
11612,h1n1pdm,2019_W29,0.001418282,0.000200979,0.001420818,0.009892427,0.001426061,1
11613,h1n1pdm,2019_W29,0.001962906,0.000302638,0.00196661,0.01257771,0.001974251,1
11614,h1n1pdm,2019_W29,0.001093624,0.000129021,0.001095366,0.009170638,0.001098984,1
11615,h1n1pdm,2019_W29,0.000337267,4.90E-05,0.000337967,0.002289598,0.000339412,1
11616,h1n1pdm,2019_W29,0.001255782,0.000152294,0.001257807,0.010243151,0.00126201,1
11601,h1n1pdm,2019_W30,0.000656567,0.000188544,0.000661026,0.002200506,0.000670174,1
11602,h1n1pdm,2019_W30,0.000372635,0.000106054,0.000375206,0.001259399,0.000380489,1
11603,h1n1pdm,2019_W30,0.001127501,0.000334343,0.001135114,0.003660306,0.001150706,1
11604,h1n1pdm,2019_W30,0.000779698,0.000226426,0.000784961,0.002584658,0.000795755,1
11605,h1n1pdm,2019_W30,0.001199933,0.000340106,0.001207531,0.004084462,0.001223082,1
11606,h1n1pdm,2019_W30,0.000702166,8.52E-05,0.000704004,0.005689973,0.000707782,1
11607,h1n1pdm,2019_W30,0.000343952,5.20E-05,0.000345082,0.002230588,0.0003474,1
11608,h1n1pdm,2019_W30,0.00089668,9.28E-05,0.000898744,0.008537445,0.000902997,1
11609,h1n1pdm,2019_W30,0.000339415,4.71E-05,0.000340477,0.002399268,0.000342659,1
11610,h1n1pdm,2019_W30,0.000248763,3.06E-05,0.000249466,0.001990172,0.000250911,1
11611,h1n1pdm,2019_W30,0.001091342,0.000175623,0.001094908,0.006649368,0.001102208,1
11612,h1n1pdm,2019_W30,0.000885682,0.000106935,0.000887988,0.007216786,0.000892729,1
11613,h1n1pdm,2019_W30,0.001241172,0.000163298,0.001244584,0.009274259,0.001251586,1
11614,h1n1pdm,2019_W30,0.000670886,6.72E-05,0.000672439,0.006601753,0.000675643,1
11615,h1n1pdm,2019_W30,0.000189965,2.38E-05,0.000190537,0.001490101,0.000191714,1
11616,h1n1pdm,2019_W30,0.000778232,8.01E-05,0.000780053,0.007452576,0.00078381,1
11601,h1n1pdm,2019_W31,0.000396999,9.68E-05,0.000400591,0.001547718,0.000407965,1
11602,h1n1pdm,2019_W31,0.000219498,5.31E-05,0.000221521,0.000861117,0.000225681,1
11603,h1n1pdm,2019_W31,0.000706637,0.000178032,0.000712998,0.002666896,0.000726034,1
11604,h1n1pdm,2019_W31,0.000478748,0.000118093,0.000483057,0.001845441,0.000491898,1
11605,h1n1pdm,2019_W31,0.000751218,0.000180714,0.000757583,0.002977521,0.000770615,1
11606,h1n1pdm,2019_W31,0.00043832,4.47E-05,0.000439921,0.004204295,0.000443199,1
11607,h1n1pdm,2019_W31,0.000204343,2.61E-05,0.000205278,0.001554293,0.000207192,1
11608,h1n1pdm,2019_W31,0.000575191,4.96E-05,0.000577029,0.006535353,0.000580802,1
11609,h1n1pdm,2019_W31,0.000197101,2.32E-05,0.000197963,0.001632592,0.000199727,1
11610,h1n1pdm,2019_W31,0.000144869,1.50E-05,0.000145441,0.001361795,0.000146615,1
11611,h1n1pdm,2019_W31,0.000686258,9.33E-05,0.000689377,0.004912247,0.000695749,1
11612,h1n1pdm,2019_W31,0.000552895,5.61E-05,0.000554905,0.005330416,0.000559022,1
11613,h1n1pdm,2019_W31,0.000784539,8.68E-05,0.000787546,0.006926158,0.000793698,1
11614,h1n1pdm,2019_W31,0.000411414,3.45E-05,0.000412745,0.004808234,0.000415479,1
11615,h1n1pdm,2019_W31,0.00010696,1.14E-05,0.00010741,0.000982217,0.000108332,1
11616,h1n1pdm,2019_W31,0.000482118,4.15E-05,0.000483694,0.005486258,0.000486929,1
