NEIGHBORHOOD_DISTRICT_NAME,pathogen,epi_week,latent_field_mean,latent_field_0_025quant,latent_field_0_5quant,latent_field_0_975quant,latent_field_mode,latent_field_quintile
Ballard,otherili,2018_W45,0.017842456,0.008390677,0.01788448,0.037428376,0.017971326,2
Central,otherili,2018_W45,0.023012469,0.011415787,0.023027146,0.04618947,0.023055192,2
Delridge Neighborhoods,otherili,2018_W45,0.023153741,0.010393392,0.023112297,0.052048469,0.023031424,2
Downtown,otherili,2018_W45,0.016371041,0.007976499,0.016310146,0.034305697,0.016186368,2
East,otherili,2018_W45,0.020003825,0.009463643,0.02000192,0.042271606,0.019998935,2
Greater Duwamish,otherili,2018_W45,0.015973209,0.007049066,0.016097132,0.034699504,0.016362175,2
Lake Union,otherili,2018_W45,0.02304262,0.011481698,0.02302875,0.046366498,0.023001907,2
Magnolia/Queen Anne,otherili,2018_W45,0.016139971,0.007591697,0.01615068,0.034159363,0.016172184,2
NA,otherili,2018_W45,5.46E-07,7.59E-43,5.46E-07,3.67E+29,5.46E-07,1
North,otherili,2018_W45,0.030312524,0.01577927,0.030285764,0.058479494,0.030231795,2
Northeast,otherili,2018_W45,0.009142116,0.004126136,0.00919994,0.019574358,0.009326567,2
Northwest,otherili,2018_W45,0.020016091,0.009178823,0.020103954,0.042576409,0.020280626,2
Southeast,otherili,2018_W45,0.021789384,0.009985897,0.021881504,0.046435193,0.022074176,2
Southwest,otherili,2018_W45,0.015233183,0.006685619,0.015205893,0.035024243,0.015153827,2
Ballard,otherili,2018_W46,0.025903482,0.013361163,0.025953246,0.049662799,0.026056213,2
Central,otherili,2018_W46,0.033307172,0.018080324,0.033317595,0.061210566,0.03333731,2
Delridge Neighborhoods,otherili,2018_W46,0.033567848,0.016490307,0.033514436,0.068883336,0.033409811,2
Downtown,otherili,2018_W46,0.023681358,0.012621468,0.023609533,0.045185123,0.023462985,2
East,otherili,2018_W46,0.029311067,0.015181384,0.02930562,0.056610734,0.029295795,2
Greater Duwamish,otherili,2018_W46,0.023823787,0.011623924,0.023974209,0.047175754,0.024295868,2
Lake Union,otherili,2018_W46,0.033366861,0.018162362,0.033349467,0.061440092,0.033315674,2
Magnolia/Queen Anne,otherili,2018_W46,0.023553395,0.012143097,0.02356415,0.045537379,0.023585893,2
NA,otherili,2018_W46,8.71E-07,4.00E-41,8.70E-07,1.77E+28,8.71E-07,1
North,otherili,2018_W46,0.042509145,0.024096684,0.042478818,0.07524613,0.04241767,3
Northeast,otherili,2018_W46,0.014146953,0.007041701,0.014221825,0.027618425,0.014386033,2
Northwest,otherili,2018_W46,0.029367396,0.014819304,0.02946844,0.057069016,0.029671975,2
Southeast,otherili,2018_W46,0.03229563,0.016265111,0.032406684,0.062902044,0.032639212,2
Southwest,otherili,2018_W46,0.022403475,0.010769011,0.022368642,0.046974448,0.022301766,2
Ballard,otherili,2018_W47,0.037669877,0.020245514,0.037718174,0.069558188,0.037818107,2
Central,otherili,2018_W47,0.048276292,0.027126587,0.048277959,0.085849209,0.048281112,3
Delridge Neighborhoods,otherili,2018_W47,0.048741049,0.024956432,0.048682014,0.095769257,0.048565988,3
Downtown,otherili,2018_W47,0.034312503,0.018951616,0.034243163,0.062790061,0.034102014,2
East,otherili,2018_W47,0.043017495,0.023156422,0.043007873,0.079962822,0.042989933,3
Greater Duwamish,otherili,2018_W47,0.035587186,0.018302382,0.035739512,0.067577391,0.036061817,2
Lake Union,otherili,2018_W47,0.048399056,0.027226545,0.048380806,0.086168605,0.048345457,3
Magnolia/Queen Anne,otherili,2018_W47,0.034427192,0.018476701,0.034435101,0.064025007,0.034451513,2
NA,otherili,2018_W47,1.39E-06,2.06E-39,1.39E-06,8.85E+26,1.39E-06,1
North,otherili,2018_W47,0.059711939,0.034772512,0.059683868,0.102753154,0.059627922,3
Northeast,otherili,2018_W47,0.021925347,0.011463332,0.022006238,0.041093313,0.022181354,2
Northwest,otherili,2018_W47,0.043153002,0.022791229,0.04324795,0.080671552,0.043439722,3
Southeast,otherili,2018_W47,0.047944869,0.025246687,0.048055637,0.089858563,0.048286673,3
Southwest,otherili,2018_W47,0.033000043,0.016568578,0.032961694,0.066105705,0.032887494,2
Ballard,otherili,2018_W48,0.048908059,0.027055088,0.048946622,0.087980541,0.049026508,3
Central,otherili,2018_W48,0.062432509,0.035859719,0.062427581,0.10868614,0.062418471,3
Delridge Neighborhoods,otherili,2018_W48,0.063170022,0.033332983,0.063117508,0.120193007,0.063014396,3
Downtown,otherili,2018_W48,0.044384342,0.025118121,0.044331526,0.078901813,0.044224799,3
East,otherili,2018_W48,0.056350304,0.031149793,0.056339508,0.101988573,0.056319417,3
Greater Duwamish,otherili,2018_W48,0.047442103,0.025386847,0.047567405,0.087345999,0.047829773,3
Lake Union,otherili,2018_W48,0.0626717,0.036006528,0.062657437,0.109165135,0.062630308,3
Magnolia/Queen Anne,otherili,2018_W48,0.044919496,0.024793798,0.044923913,0.08129037,0.044933706,3
NA,otherili,2018_W48,1.99E-06,9.12E-38,1.98E-06,4.07E+25,1.99E-06,1
North,otherili,2018_W48,0.074888564,0.044306809,0.074869358,0.126696967,0.074832004,3
Northeast,otherili,2018_W48,0.030329591,0.016448466,0.030401369,0.055186129,0.030554587,2
Northwest,otherili,2018_W48,0.056593567,0.030882556,0.056664929,0.102930996,0.056809682,3
Southeast,otherili,2018_W48,0.06353214,0.034544583,0.063622507,0.115873109,0.063810275,3
Southwest,otherili,2018_W48,0.043384803,0.022499663,0.043350994,0.083965024,0.043285417,3
Ballard,otherili,2018_W49,0.064432824,0.036499158,0.064461865,0.113402678,0.064522419,3
Central,otherili,2018_W49,0.081818768,0.047820489,0.081811194,0.13999015,0.081797538,3
Delridge Neighborhoods,otherili,2018_W49,0.083029956,0.044943332,0.082987258,0.153741359,0.082903928,3
Downtown,otherili,2018_W49,0.058244573,0.033644307,0.058208768,0.101123287,0.058137314,3
East,otherili,2018_W49,0.074869105,0.042299983,0.074859025,0.132543105,0.074840684,3
Greater Duwamish,otherili,2018_W49,0.064129311,0.035459308,0.064225252,0.114973249,0.064424746,3
Lake Union,otherili,2018_W49,0.082333312,0.048120994,0.082323956,0.140888124,0.082307053,3
Magnolia/Queen Anne,otherili,2018_W49,0.059448858,0.033580278,0.059450933,0.105168366,0.059456442,3
NA,otherili,2018_W49,2.87E-06,3.95E-36,2.87E-06,1.97E+24,2.87E-06,1
North,otherili,2018_W49,0.095331727,0.057144412,0.09532075,0.159064772,0.095300604,3
Northeast,otherili,2018_W49,0.042546992,0.023787449,0.042607589,0.075474998,0.042735542,3
Northwest,otherili,2018_W49,0.075257351,0.042169711,0.075306077,0.13375406,0.075405829,3
Southeast,otherili,2018_W49,0.085379944,0.047660757,0.085449528,0.152185611,0.085594057,3
Southwest,otherili,2018_W49,0.057850893,0.030843039,0.05782386,0.108725034,0.057771658,3
Ballard,otherili,2018_W50,0.098854493,0.057148335,0.098876783,0.170698383,0.09892423,3
Central,otherili,2018_W50,0.124680806,0.073971996,0.124671481,0.210137351,0.124655381,3
Delridge Neighborhoods,otherili,2018_W50,0.127011005,0.070306956,0.126974793,0.229684924,0.126905331,3
Downtown,otherili,2018_W50,0.089000656,0.052352688,0.088976441,0.151456631,0.088929409,3
East,otherili,2018_W50,0.115785639,0.066663042,0.115775535,0.201100413,0.115758007,3
Greater Duwamish,otherili,2018_W50,0.100854927,0.05731299,0.100931021,0.176651307,0.101089059,3
Lake Union,otherili,2018_W50,0.125951879,0.074731835,0.125945337,0.212236696,0.12593501,3
Magnolia/Queen Anne,otherili,2018_W50,0.091587715,0.05277386,0.091587818,0.158866139,0.09159013,3
NA,otherili,2018_W50,4.84E-06,1.91E-34,4.83E-06,1.16E+23,4.84E-06,1
North,otherili,2018_W50,0.141452732,0.085813109,0.141446019,0.233122685,0.141435501,3
Northeast,otherili,2018_W50,0.069465768,0.039857303,0.069520446,0.120489006,0.06963526,3
Northwest,otherili,2018_W50,0.116437243,0.066701938,0.116469708,0.202839128,0.116537727,3
Southeast,otherili,2018_W50,0.133527075,0.076212968,0.133583287,0.233280901,0.133700894,3
Southwest,otherili,2018_W50,0.089809351,0.04906182,0.089786817,0.164535382,0.089744107,3
Ballard,otherili,2018_W51,0.182083067,0.10708601,0.182098768,0.309305806,0.182134624,3
Central,otherili,2018_W51,0.227754885,0.136884828,0.227742718,0.378883924,0.227723193,4
Delridge Neighborhoods,otherili,2018_W51,0.233130878,0.13157956,0.233098214,0.413161822,0.233038339,4
Downtown,otherili,2018_W51,0.163382902,0.097625031,0.163366108,0.273460234,0.163335856,3
East,otherili,2018_W51,0.214854507,0.125714955,0.214842578,0.367131929,0.214823585,4
Greater Duwamish,otherili,2018_W51,0.190210042,0.110524274,0.190270446,0.326612754,0.190397511,3
Lake Union,otherili,2018_W51,0.231383365,0.139102394,0.231376636,0.384766594,0.231368194,4
Magnolia/Queen Anne,otherili,2018_W51,0.169361977,0.099255342,0.169359012,0.288873105,0.16935692,3
NA,otherili,2018_W51,9.77E-06,1.05E-32,9.76E-06,8.61E+21,9.77E-06,1
North,otherili,2018_W51,0.252385853,0.154779763,0.252379478,0.4114172,0.252371969,4
Northeast,otherili,2018_W51,0.136073629,0.079784494,0.136125833,0.231474883,0.13623595,3
Northwest,otherili,2018_W51,0.216063702,0.126037326,0.216081579,0.370041749,0.2161225,4
Southeast,otherili,2018_W51,0.250532394,0.145667732,0.250578076,0.430240827,0.250676449,4
Southwest,otherili,2018_W51,0.167376338,0.093386676,0.167356154,0.300026977,0.167319891,3
Ballard,otherili,2018_W52,0.349086505,0.207866388,0.349094636,0.585895212,0.349118822,4
Central,otherili,2018_W52,0.432469212,0.262349063,0.432456535,0.71269369,0.432440365,5
Delridge Neighborhoods,otherili,2018_W52,0.44533799,0.255099368,0.445313212,0.77728905,0.445274137,5
Downtown,otherili,2018_W52,0.312782962,0.1890053,0.312773562,0.517469075,0.31276145,4
East,otherili,2018_W52,0.414791257,0.245590546,0.414779554,0.700337218,0.414765429,5
Greater Duwamish,otherili,2018_W52,0.372964756,0.22017379,0.373004241,0.63111215,0.373092455,4
Lake Union,otherili,2018_W52,0.442687525,0.268650849,0.442680966,0.729194996,0.442677332,5
Magnolia/Queen Anne,otherili,2018_W52,0.326091826,0.193490963,0.326086132,0.54935587,0.326082024,4
NA,otherili,2018_W52,2.06E-05,5.71E-31,2.05E-05,7.05E+20,2.06E-05,1
North,otherili,2018_W52,0.469654923,0.29025675,0.469648552,0.759656095,0.469645501,5
Northeast,otherili,2018_W52,0.277387041,0.165257401,0.277433371,0.464950476,0.277533798,4
Northwest,otherili,2018_W52,0.416949931,0.246362411,0.416953004,0.705288157,0.416968641,5
Southeast,otherili,2018_W52,0.489088234,0.288200915,0.489120034,0.829302354,0.489195363,5
Southwest,otherili,2018_W52,0.324821498,0.184204551,0.324806071,0.572635004,0.324783041,4
Ballard,otherili,2019_W01,0.622139796,0.373423133,0.622140542,1.036022554,0.62215575,5
Central,otherili,2019_W01,0.762853783,0.465492984,0.762841295,1.249720114,0.762832462,5
Delridge Neighborhoods,otherili,2019_W01,0.791167731,0.457885994,0.791152104,1.366501672,0.791139389,5
Downtown,otherili,2019_W01,0.558280769,0.339702691,0.558276918,0.917119048,0.558281143,5
East,otherili,2019_W01,0.744426283,0.444192012,0.744416019,1.247098686,0.744411994,5
Greater Duwamish,otherili,2019_W01,0.679115811,0.404944832,0.679131773,1.138230044,0.679179053,5
Lake Union,otherili,2019_W01,0.787788808,0.480895188,0.787782284,1.290010258,0.787785961,5
Magnolia/Queen Anne,otherili,2019_W01,0.584039865,0.349370542,0.584032168,0.975947382,0.584029657,5
NA,otherili,2019_W01,4.02E-05,2.68E-29,4.02E-05,5.7488E+19,4.02E-05,1
North,otherili,2019_W01,0.814289895,0.50560376,0.814282507,1.310932855,0.814284412,5
Northeast,otherili,2019_W01,0.526152104,0.316874953,0.526187255,0.872917797,0.526269875,5
Northwest,otherili,2019_W01,0.747521888,0.445269304,0.747513277,1.254431926,0.747512699,5
Southeast,otherili,2019_W01,0.887651682,0.527616038,0.88766683,1.492518163,0.88771725,5
Southwest,otherili,2019_W01,0.58663895,0.336538941,0.586628885,1.022179296,0.586622738,5
Ballard,otherili,2019_W02,0.930592675,0.560994115,0.930586912,1.543032002,0.930595662,5
Central,otherili,2019_W02,1.128802315,0.690892215,1.128784625,1.843606811,1.128772999,5
Delridge Neighborhoods,otherili,2019_W02,1.180809766,0.687723892,1.180796296,2.026556014,1.180796789,5
Downtown,otherili,2019_W02,0.839809674,0.512782684,0.83980902,1.374783843,0.839825572,5
East,otherili,2019_W02,1.121512254,0.672097949,1.12150087,1.870667632,1.121502787,5
Greater Duwamish,otherili,2019_W02,1.036869859,0.62160167,1.036866403,1.728785932,1.03688236,5
Lake Union,otherili,2019_W02,1.177396292,0.720838209,1.177387961,1.922338129,1.177396158,5
Magnolia/Queen Anne,otherili,2019_W02,0.87859772,0.527970859,0.878585853,1.46150569,0.878581329,5
NA,otherili,2019_W02,6.61E-05,9.78E-28,6.60E-05,4.27144E+18,6.61E-05,1
North,otherili,2019_W02,1.186793946,0.738485543,1.186782903,1.906525911,1.186785019,5
Northeast,otherili,2019_W02,0.839061791,0.508674004,0.839084836,1.383195979,0.839149412,5
Northwest,otherili,2019_W02,1.123687859,0.672215841,1.12366859,1.877672832,1.123654808,5
Southeast,otherili,2019_W02,1.353209991,0.808258146,1.35320995,2.264518057,1.353239968,5
Southwest,otherili,2019_W02,0.890741784,0.514789373,0.890732664,1.5405686,0.890735419,5
Ballard,otherili,2019_W03,0.685850918,0.413704343,0.685843918,1.136562248,0.685844816,5
Central,otherili,2019_W03,0.822257246,0.503182078,0.822243883,1.343180534,0.822234476,5
Delridge Neighborhoods,otherili,2019_W03,0.869334691,0.507413707,0.869329507,1.488717886,0.869339279,5
Downtown,otherili,2019_W03,0.624737014,0.381448974,0.624742175,1.022685882,0.62476582,5
East,otherili,2019_W03,0.832608567,0.499300193,0.832603348,1.3878166,0.832611233,5
Greater Duwamish,otherili,2019_W03,0.778961742,0.467423117,0.778948292,1.29765979,0.778938446,5
Lake Union,otherili,2019_W03,0.867464771,0.53091294,0.867462022,1.416749576,0.867474874,5
Magnolia/Queen Anne,otherili,2019_W03,0.651252577,0.391678804,0.651241537,1.082449803,0.651233664,5
NA,otherili,2019_W03,5.35E-05,1.60E-26,5.35E-05,1.72264E+17,5.35E-05,1
North,otherili,2019_W03,0.852501529,0.530025668,0.852495821,1.370632047,0.852501843,5
Northeast,otherili,2019_W03,0.660391544,0.401252762,0.660396986,1.086343873,0.660422102,5
Northwest,otherili,2019_W03,0.830483107,0.497100436,0.830461577,1.386998777,0.83043674,5
Southeast,otherili,2019_W03,1.016145246,0.607507114,1.016137763,1.698923005,1.01614528,5
Southwest,otherili,2019_W03,0.667534773,0.387008062,0.667529715,1.150878724,0.667535253,5
Ballard,otherili,2019_W04,0.35655658,0.21432685,0.35655407,0.592918653,0.356556842,4
Central,otherili,2019_W04,0.422429731,0.257477745,0.42242992,0.692742139,0.422439332,5
Delridge Neighborhoods,otherili,2019_W04,0.452224815,0.263358823,0.452232799,0.776074981,0.452259377,5
Downtown,otherili,2019_W04,0.32924955,0.200270127,0.329260037,0.54095385,0.3292882,4
East,otherili,2019_W04,0.436449523,0.260849526,0.436455645,0.729860473,0.436477641,5
Greater Duwamish,otherili,2019_W04,0.412287154,0.246511124,0.412274511,0.689338589,0.412258197,5
Lake Union,otherili,2019_W04,0.451405254,0.275141402,0.451413257,0.740181245,0.451438996,5
Magnolia/Queen Anne,otherili,2019_W04,0.340498308,0.204121773,0.340494449,0.567759802,0.340494215,4
NA,otherili,2019_W04,3.06E-05,1.64E-25,3.06E-05,5.50058E+15,3.06E-05,1
North,otherili,2019_W04,0.432048567,0.267396144,0.432055691,0.697717951,0.432078981,5
Northeast,otherili,2019_W04,0.3672143,0.222511866,0.367212632,0.605756385,0.367217203,4
Northwest,otherili,2019_W04,0.432090503,0.257768948,0.432077618,0.724078097,0.432061331,5
Southeast,otherili,2019_W04,0.538264478,0.320762438,0.538259369,0.902869938,0.5382611,5
Southwest,otherili,2019_W04,0.353491445,0.204665169,0.35349366,0.610213416,0.353506441,4
Ballard,otherili,2019_W05,0.323974016,0.194765254,0.32396468,0.53873599,0.323953006,4
Central,otherili,2019_W05,0.379350466,0.231197987,0.379350796,0.622154802,0.379359586,5
Delridge Neighborhoods,otherili,2019_W05,0.41185815,0.240010568,0.41187038,0.706283042,0.411904463,5
Downtown,otherili,2019_W05,0.304247575,0.185106775,0.304255795,0.499769286,0.304278833,4
East,otherili,2019_W05,0.400485101,0.23940277,0.400491664,0.669575659,0.4005137,5
Greater Duwamish,otherili,2019_W05,0.380900577,0.227674542,0.380872475,0.637208772,0.380824334,5
Lake Union,otherili,2019_W05,0.411072863,0.250536878,0.411079849,0.674106324,0.411102654,5
Magnolia/Queen Anne,otherili,2019_W05,0.311045351,0.186529043,0.311037511,0.518511572,0.311028653,4
NA,otherili,2019_W05,3.06E-05,2.56E-24,3.06E-05,3.52284E+14,3.06E-05,1
North,otherili,2019_W05,0.383033965,0.236968538,0.383039341,0.618813127,0.383058106,5
Northeast,otherili,2019_W05,0.357141297,0.216389322,0.357124303,0.589331657,0.357097818,4
Northwest,otherili,2019_W05,0.392251098,0.234070616,0.39223078,0.657205094,0.39219872,5
Southeast,otherili,2019_W05,0.498278738,0.296983909,0.498259067,0.835797691,0.498230616,5
Southwest,otherili,2019_W05,0.327510332,0.189897089,0.327511332,0.564556833,0.327521018,4
Ballard,otherili,2019_W06,0.333299151,0.200292,0.333283522,0.554517254,0.333259376,4
Central,otherili,2019_W06,0.385744692,0.234938022,0.385752866,0.632992752,0.3857776,5
Delridge Neighborhoods,otherili,2019_W06,0.425458791,0.247897445,0.425481522,0.72962442,0.425537001,5
Downtown,otherili,2019_W06,0.318997206,0.194060613,0.319005952,0.524050285,0.319030394,4
East,otherili,2019_W06,0.416777246,0.249070174,0.416788932,0.696970024,0.416821614,5
Greater Duwamish,otherili,2019_W06,0.397819679,0.237569125,0.397771691,0.666296468,0.397683693,5
Lake Union,otherili,2019_W06,0.424565486,0.258656843,0.424576587,0.696475146,0.424607952,5
Magnolia/Queen Anne,otherili,2019_W06,0.321569244,0.192797844,0.321561719,0.536166625,0.321553748,4
NA,otherili,2019_W06,3.47E-05,3.85E-23,3.46E-05,3.01305E+13,3.47E-05,1
North,otherili,2019_W06,0.384982383,0.237960996,0.384993115,0.622469392,0.385022747,5
Northeast,otherili,2019_W06,0.393015894,0.237740685,0.392979306,0.649741844,0.392913958,5
Northwest,otherili,2019_W06,0.40264819,0.240228639,0.402624952,0.674776921,0.402587261,5
Southeast,otherili,2019_W06,0.521956094,0.310968486,0.521919507,0.876020491,0.521857483,5
Southwest,otherili,2019_W06,0.34381503,0.199453219,0.343818494,0.592335394,0.343833505,4
Ballard,otherili,2019_W07,0.334770038,0.201013003,0.334748266,0.557471143,0.334711764,4
Central,otherili,2019_W07,0.38333192,0.233188006,0.383351175,0.629688346,0.383398234,5
Delridge Neighborhoods,otherili,2019_W07,0.429807037,0.250243726,0.429839985,0.737537095,0.429916137,5
Downtown,otherili,2019_W07,0.326918587,0.198796471,0.326927104,0.537291857,0.326951305,4
East,otherili,2019_W07,0.424122523,0.25329943,0.424138853,0.70966069,0.424181044,5
Greater Duwamish,otherili,2019_W07,0.404821665,0.24144421,0.404754309,0.679054789,0.404627138,5
Lake Union,otherili,2019_W07,0.428932758,0.261154597,0.428947214,0.704048382,0.428985428,5
Magnolia/Queen Anne,otherili,2019_W07,0.324445275,0.194386909,0.324442207,0.541296066,0.324443281,4
NA,otherili,2019_W07,3.83E-05,4.64E-22,3.83E-05,3.06622E+12,3.83E-05,1
North,otherili,2019_W07,0.378750068,0.233811371,0.378767284,0.613111178,0.378809925,5
Northeast,otherili,2019_W07,0.420931035,0.253979567,0.420872482,0.697841335,0.420763041,5
Northwest,otherili,2019_W07,0.403077938,0.240330316,0.403058612,0.67589474,0.403028783,5
Southeast,otherili,2019_W07,0.53323223,0.317425341,0.533178447,0.895833587,0.533081924,5
Southwest,otherili,2019_W07,0.352604308,0.204510898,0.352611743,0.607562489,0.352634953,4
Ballard,otherili,2019_W08,0.283767719,0.170032797,0.283744335,0.473573535,0.283703467,4
Central,otherili,2019_W08,0.322117043,0.195446621,0.32214276,0.530406841,0.322201638,4
Delridge Neighborhoods,otherili,2019_W08,0.367022726,0.21324991,0.367056614,0.631042245,0.367133294,4
Downtown,otherili,2019_W08,0.283011045,0.171812186,0.283017167,0.465910472,0.283035656,4
East,otherili,2019_W08,0.364857103,0.217511485,0.364872458,0.611584247,0.364911424,4
Greater Duwamish,otherili,2019_W08,0.346798766,0.206360395,0.346728741,0.583185878,0.346594716,4
Lake Union,otherili,2019_W08,0.366412798,0.222694999,0.366425669,0.602487947,0.366459389,4
Magnolia/Queen Anne,otherili,2019_W08,0.276246007,0.165168909,0.27624981,0.461770192,0.276263642,4
NA,otherili,2019_W08,3.58E-05,3.72E-21,3.58E-05,3.33532E+11,3.58E-05,1
North,otherili,2019_W08,0.315696107,0.194420847,0.315715312,0.512220871,0.315760725,4
Northeast,otherili,2019_W08,0.378498318,0.227584295,0.378432334,0.629799782,0.378306647,5
Northwest,otherili,2019_W08,0.34030545,0.202492887,0.340297263,0.571714419,0.340288399,4
Southeast,otherili,2019_W08,0.459121827,0.272755108,0.459063534,0.7730025,0.458956165,5
Southwest,otherili,2019_W08,0.305343848,0.176810479,0.305354278,0.526950946,0.30538243,4
Ballard,otherili,2019_W09,0.18610378,0.111098881,0.186087536,0.311748976,0.186058931,3
Central,otherili,2019_W09,0.209978957,0.126879304,0.210002021,0.347133908,0.210053172,4
Delridge Neighborhoods,otherili,2019_W09,0.24284505,0.140588727,0.242870218,0.419025738,0.242926533,4
Downtown,otherili,2019_W09,0.18971886,0.114801325,0.189723188,0.313342718,0.189736061,3
East,otherili,2019_W09,0.243147394,0.144472425,0.243158838,0.408915705,0.243187269,4
Greater Duwamish,otherili,2019_W09,0.229249681,0.135920814,0.229201742,0.386923876,0.22910982,4
Lake Union,otherili,2019_W09,0.242669297,0.147004705,0.242678206,0.400323242,0.242701327,4
Magnolia/Queen Anne,otherili,2019_W09,0.181978114,0.108395518,0.181987513,0.305278672,0.182010492,3
NA,otherili,2019_W09,2.59E-05,1.75E-20,2.58E-05,37138162308,2.59E-05,1
North,otherili,2019_W09,0.204435356,0.125430077,0.2044511,0.33291365,0.204487209,4
Northeast,otherili,2019_W09,0.261717013,0.156724492,0.26167051,0.437270992,0.261581864,4
Northwest,otherili,2019_W09,0.222228751,0.131733591,0.222232837,0.374672047,0.222245995,4
Southeast,otherili,2019_W09,0.305382492,0.18078273,0.305341886,0.515991057,0.305266775,4
Southwest,otherili,2019_W09,0.204670143,0.118121801,0.204681393,0.354345763,0.204708838,4
Ballard,otherili,2019_W10,0.13331316,0.079268491,0.133302667,0.224195833,0.133284481,3
Central,otherili,2019_W10,0.150061997,0.090294959,0.15008273,0.24908337,0.150127937,3
Delridge Neighborhoods,otherili,2019_W10,0.175816068,0.101384783,0.175835885,0.304546584,0.175879928,3
Downtown,otherili,2019_W10,0.13908297,0.083866813,0.139087466,0.230504266,0.13909958,3
East,otherili,2019_W10,0.177257077,0.104949928,0.177266804,0.299146808,0.177290348,3
Greater Duwamish,otherili,2019_W10,0.16517323,0.09758187,0.165141564,0.279744102,0.165081146,3
Lake Union,otherili,2019_W10,0.176009119,0.106256609,0.176015737,0.291355532,0.176032846,3
Magnolia/Queen Anne,otherili,2019_W10,0.131128497,0.077786014,0.131140958,0.220829057,0.131168974,3
NA,otherili,2019_W10,2.04E-05,6.47E-20,2.04E-05,6267155139,2.04E-05,1
North,otherili,2019_W10,0.145301562,0.088825865,0.145315328,0.237453405,0.145346222,3
Northeast,otherili,2019_W10,0.196526867,0.11733134,0.196496151,0.329307031,0.196438132,4
Northwest,otherili,2019_W10,0.1587245,0.093696001,0.158735152,0.268655244,0.158760102,3
Southeast,otherili,2019_W10,0.221676868,0.130746873,0.221649532,0.375920094,0.221599299,4
Southwest,otherili,2019_W10,0.149993931,0.08624488,0.150006209,0.260613081,0.150034448,3
Ballard,otherili,2019_W11,0.134316684,0.079834008,0.134306712,0.225966103,0.134289616,3
Central,otherili,2019_W11,0.151430744,0.091097267,0.151451418,0.251416327,0.151496545,3
Delridge Neighborhoods,otherili,2019_W11,0.179308461,0.103332061,0.179327055,0.310811739,0.179368732,3
Downtown,otherili,2019_W11,0.143654081,0.086642383,0.143657664,0.238037083,0.143668036,3
East,otherili,2019_W11,0.182003025,0.107763996,0.182011576,0.30715808,0.182032865,3
Greater Duwamish,otherili,2019_W11,0.16703181,0.098705529,0.167004053,0.282778647,0.166951669,3
Lake Union,otherili,2019_W11,0.179985872,0.108686868,0.179989328,0.297888019,0.180000169,3
Magnolia/Queen Anne,otherili,2019_W11,0.133232705,0.07899273,0.133247748,0.224468297,0.133281013,3
NA,otherili,2019_W11,2.27E-05,2.32E-19,2.27E-05,2163683494,2.27E-05,1
North,otherili,2019_W11,0.145972827,0.089284185,0.145984999,0.238437275,0.146012663,3
Northeast,otherili,2019_W11,0.206522741,0.123511544,0.206495809,0.345412317,0.206445757,4
Northwest,otherili,2019_W11,0.159852479,0.094297088,0.159867077,0.270713859,0.159899991,3
Southeast,otherili,2019_W11,0.226228623,0.1334193,0.226202501,0.38365756,0.226154849,4
Southwest,otherili,2019_W11,0.154814545,0.088973156,0.154828871,0.269104473,0.154861338,3
Ballard,otherili,2019_W12,0.189937133,0.113222752,0.189923286,0.318607161,0.189899655,3
Central,otherili,2019_W12,0.215308159,0.129977828,0.215331807,0.356277012,0.215384293,4
Delridge Neighborhoods,otherili,2019_W12,0.256986873,0.148444397,0.257007936,0.444469904,0.257056388,4
Downtown,otherili,2019_W12,0.208563128,0.126255282,0.208564265,0.344360216,0.208571113,4
East,otherili,2019_W12,0.262624349,0.156022299,0.262631528,0.441784447,0.262651843,4
Greater Duwamish,otherili,2019_W12,0.236554218,0.140311409,0.236522356,0.398918648,0.236463368,4
Lake Union,otherili,2019_W12,0.25871306,0.156800283,0.258710627,0.426691003,0.258711317,4
Magnolia/Queen Anne,otherili,2019_W12,0.190570989,0.113316732,0.190590728,0.32015748,0.190634693,4
NA,otherili,2019_W12,3.55E-05,7.71E-19,3.55E-05,1590050344,3.55E-05,1
North,otherili,2019_W12,0.206745914,0.12700397,0.206756285,0.336312181,0.206781536,4
Northeast,otherili,2019_W12,0.303323417,0.182458524,0.303291017,0.504316035,0.303232101,4
Northwest,otherili,2019_W12,0.226634556,0.134049295,0.226654471,0.382795843,0.226699541,4
Southeast,otherili,2019_W12,0.323943281,0.191663746,0.323907769,0.547586522,0.323843443,4
Southwest,otherili,2019_W12,0.224675442,0.129448761,0.224694368,0.389574776,0.2247377,4
Ballard,otherili,2019_W13,0.295765118,0.176778397,0.295747405,0.4947709,0.295718362,4
Central,otherili,2019_W13,0.338406383,0.205026849,0.338435166,0.558037381,0.338500629,4
Delridge Neighborhoods,otherili,2019_W13,0.40615583,0.235070736,0.406182199,0.701153392,0.406244798,5
Downtown,otherili,2019_W13,0.333871423,0.202824652,0.333870244,0.549348917,0.333875114,4
East,otherili,2019_W13,0.418030524,0.24913782,0.418036229,0.701031861,0.418057027,5
Greater Duwamish,otherili,2019_W13,0.36825193,0.219194404,0.368218525,0.618689088,0.36815947,4
Lake Union,otherili,2019_W13,0.409915027,0.249289035,0.40990467,0.673825927,0.409892661,5
Magnolia/Queen Anne,otherili,2019_W13,0.301176087,0.179600138,0.301202123,0.504569359,0.301261191,4
NA,otherili,2019_W13,6.11E-05,1.81E-18,6.11E-05,2011782818,6.11E-05,1
North,otherili,2019_W13,0.323689761,0.199682064,0.323697728,0.524406327,0.323720524,4
Northeast,otherili,2019_W13,0.488957829,0.295841289,0.488919449,0.808115086,0.488852533,5
Northwest,otherili,2019_W13,0.354961622,0.210497809,0.354988347,0.598034463,0.355049968,4
Southeast,otherili,2019_W13,0.510570892,0.303012711,0.510523481,0.860334079,0.510439421,5
Southwest,otherili,2019_W13,0.359811032,0.20776695,0.359837092,0.62255761,0.359897921,4
Ballard,otherili,2019_W14,0.409359248,0.244829016,0.409340906,0.684305222,0.409313132,5
Central,otherili,2019_W14,0.474520273,0.28804398,0.474549451,0.781096961,0.474618571,5
Delridge Neighborhoods,otherili,2019_W14,0.571670689,0.330846553,0.571696761,0.987047542,0.571762633,5
Downtown,otherili,2019_W14,0.475573674,0.289372687,0.475569655,0.781269918,0.475571824,5
East,otherili,2019_W14,0.592669204,0.353669935,0.592669344,0.992706542,0.592682843,5
Greater Duwamish,otherili,2019_W14,0.509133962,0.303435813,0.50910835,0.854107677,0.50906818,5
Lake Union,otherili,2019_W14,0.577342141,0.351609979,0.577323065,0.947737045,0.577297088,5
Magnolia/Queen Anne,otherili,2019_W14,0.424426685,0.253376614,0.424453,0.710370192,0.424515355,5
NA,otherili,2019_W14,9.37E-05,2.38E-18,9.36E-05,3584551527,9.37E-05,1
North,otherili,2019_W14,0.451779655,0.279295312,0.4517815,0.730447402,0.45179461,5
Northeast,otherili,2019_W14,0.69878525,0.42429951,0.69874915,1.150644136,0.698691431,5
Northwest,otherili,2019_W14,0.495643025,0.294154656,0.495669968,0.834495692,0.495735212,5
Southeast,otherili,2019_W14,0.71453644,0.424574076,0.714484546,1.202439179,0.714396106,5
Southwest,otherili,2019_W14,0.51338907,0.296523631,0.513416347,0.888152924,0.513483252,5
Ballard,otherili,2019_W15,0.352995844,0.210711449,0.352986447,0.591166968,0.352975445,4
Central,otherili,2019_W15,0.416040185,0.252464993,0.416058046,0.685121978,0.416102983,5
Delridge Neighborhoods,otherili,2019_W15,0.502318966,0.289955426,0.502334009,0.869635954,0.502376093,5
Downtown,otherili,2019_W15,0.422536878,0.256904202,0.422533876,0.694668391,0.422536939,5
East,otherili,2019_W15,0.524394908,0.31256949,0.524391686,0.879386157,0.524396931,5
Greater Duwamish,otherili,2019_W15,0.43864163,0.261002029,0.438635327,0.736892507,0.438632463,5
Lake Union,otherili,2019_W15,0.506409128,0.308115046,0.506393962,0.832079631,0.506374356,5
Magnolia/Queen Anne,otherili,2019_W15,0.373641588,0.222777514,0.373657012,0.626230637,0.373696319,5
NA,otherili,2019_W15,8.96E-05,1.25E-18,8.95E-05,6264215826,8.96E-05,1
North,otherili,2019_W15,0.393763791,0.243303433,0.393760747,0.637016635,0.393762822,5
Northeast,otherili,2019_W15,0.62151211,0.377509671,0.621500293,1.02286627,0.621489868,5
Northwest,otherili,2019_W15,0.432302197,0.256152444,0.432317919,0.729089656,0.432359219,5
Southeast,otherili,2019_W15,0.621924985,0.369122959,0.621895957,1.047635072,0.621851607,5
Southwest,otherili,2019_W15,0.457493982,0.263655234,0.457509727,0.793290955,0.457552174,5
Ballard,otherili,2019_W16,0.289602929,0.17226876,0.289598408,0.486665595,0.289595831,4
Central,otherili,2019_W16,0.348287921,0.21103799,0.348296971,0.574453346,0.34832269,4
Delridge Neighborhoods,otherili,2019_W16,0.420679694,0.241807292,0.420686746,0.731431067,0.420710921,5
Downtown,otherili,2019_W16,0.357573411,0.216981227,0.357570763,0.589016883,0.35757316,4
East,otherili,2019_W16,0.442011063,0.262804744,0.442005673,0.74311488,0.442004778,5
Greater Duwamish,otherili,2019_W16,0.359808715,0.213355455,0.359812164,0.606469469,0.359827181,4
Lake Union,otherili,2019_W16,0.422051221,0.256260854,0.422039775,0.694888609,0.422025873,5
Magnolia/Queen Anne,otherili,2019_W16,0.313688505,0.186540504,0.313695778,0.527183523,0.313717402,4
NA,otherili,2019_W16,8.16E-05,4.05E-19,8.16E-05,15988028979,8.16E-05,1
North,otherili,2019_W16,0.326830213,0.201554381,0.326824521,0.52978803,0.326819907,4
Northeast,otherili,2019_W16,0.526258928,0.319087648,0.526264257,0.867492785,0.526286271,5
Northwest,otherili,2019_W16,0.359298037,0.212244486,0.359305969,0.607870477,0.359330038,4
Southeast,otherili,2019_W16,0.514040125,0.304315712,0.514025774,0.868017864,0.514008587,5
Southwest,otherili,2019_W16,0.388740086,0.223187442,0.388746597,0.676687494,0.388768948,5
Ballard,otherili,2019_W17,0.251974015,0.149234511,0.251971281,0.425265685,0.251971496,4
Central,otherili,2019_W17,0.310290266,0.187654407,0.310292031,0.51281904,0.310302299,4
Delridge Neighborhoods,otherili,2019_W17,0.374284422,0.214023794,0.374286233,0.654195867,0.374298866,5
Downtown,otherili,2019_W17,0.321058583,0.194384914,0.321054992,0.530070551,0.321054736,4
East,otherili,2019_W17,0.395397808,0.234369356,0.395389368,0.666824246,0.395381361,5
Greater Duwamish,otherili,2019_W17,0.313292845,0.184931891,0.313302088,0.53040642,0.313327768,4
Lake Union,otherili,2019_W17,0.372536737,0.225688164,0.372525875,0.614752895,0.372512122,4
Magnolia/Queen Anne,otherili,2019_W17,0.279935624,0.165923674,0.279937135,0.472049203,0.279946473,4
NA,otherili,2019_W17,7.89E-05,9.46E-20,7.89E-05,63918108674,7.89E-05,1
North,otherili,2019_W17,0.287714442,0.177022807,0.287706051,0.467489024,0.287695223,4
Northeast,otherili,2019_W17,0.473529657,0.28634319,0.473546414,0.782568893,0.473590321,5
Northwest,otherili,2019_W17,0.31715501,0.186639274,0.317157887,0.53865129,0.317170906,4
Southeast,otherili,2019_W17,0.449955652,0.265475985,0.449948858,0.762326461,0.449945479,5
Southwest,otherili,2019_W17,0.351058547,0.200604969,0.351058665,0.614036723,0.351067365,4
Ballard,otherili,2019_W18,0.202074493,0.118915732,0.202075462,0.343211247,0.202082056,4
Central,otherili,2019_W18,0.255672359,0.154072586,0.25566967,0.424098132,0.255669853,4
Delridge Neighborhoods,otherili,2019_W18,0.307686234,0.174671531,0.307685877,0.541716297,0.307692657,4
Downtown,otherili,2019_W18,0.265887881,0.160405438,0.26588561,0.44055269,0.265886844,4
East,otherili,2019_W18,0.326118907,0.192404954,0.32611006,0.55257527,0.32609974,4
Greater Duwamish,otherili,2019_W18,0.251656608,0.147549602,0.251674246,0.428842725,0.251715538,4
Lake Union,otherili,2019_W18,0.302739436,0.182758279,0.302731595,0.501329007,0.302722448,4
Magnolia/Queen Anne,otherili,2019_W18,0.230746282,0.136075959,0.230744942,0.391103997,0.230747507,4
NA,otherili,2019_W18,7.04E-05,1.45E-20,7.03E-05,3.32347E+11,7.04E-05,1
North,otherili,2019_W18,0.233339757,0.143057837,0.233331697,0.380499999,0.233320415,4
Northeast,otherili,2019_W18,0.394087935,0.237319781,0.394112772,0.653882093,0.394171378,5
Northwest,otherili,2019_W18,0.258471024,0.151249976,0.258471925,0.441476079,0.258479712,4
Southeast,otherili,2019_W18,0.362535468,0.212715175,0.362540478,0.617529239,0.362558919,4
Southwest,otherili,2019_W18,0.292856662,0.166219529,0.292853892,0.515734282,0.292855491,4
Ballard,otherili,2019_W19,0.166430109,0.09712117,0.166436154,0.285002341,0.166452229,3
Central,otherili,2019_W19,0.217147827,0.130196842,0.217139001,0.362080497,0.217126047,4
Delridge Neighborhoods,otherili,2019_W19,0.260520982,0.146550831,0.260515947,0.462929645,0.260512284,4
Downtown,otherili,2019_W19,0.226494412,0.136017155,0.226491678,0.377005562,0.226491159,4
East,otherili,2019_W19,0.276419505,0.16211336,0.27640723,0.471208837,0.276388969,4
Greater Duwamish,otherili,2019_W19,0.207817473,0.120774356,0.207847224,0.357133032,0.207912151,4
Lake Union,otherili,2019_W19,0.252469067,0.151717922,0.25246279,0.419988113,0.252455741,4
Magnolia/Queen Anne,otherili,2019_W19,0.195781408,0.11469183,0.195775487,0.334095572,0.195768119,4
NA,otherili,2019_W19,6.46E-05,1.69E-21,6.45E-05,2.38862E+12,6.46E-05,1
North,otherili,2019_W19,0.194306023,0.118615742,0.194296336,0.318239519,0.194280971,4
Northeast,otherili,2019_W19,0.338161698,0.202654345,0.338190087,0.563751953,0.338254825,4
Northwest,otherili,2019_W19,0.216799147,0.125947497,0.216796451,0.37302649,0.216796134,4
Southeast,otherili,2019_W19,0.299663056,0.174461233,0.299685142,0.514251302,0.299736661,4
Southwest,otherili,2019_W19,0.251498729,0.1415175,0.251490728,0.446796301,0.251480926,4
Ballard,otherili,2019_W20,0.125542971,0.072401883,0.125557511,0.217438998,0.125589882,3
Central,otherili,2019_W20,0.169452806,0.100806924,0.169437806,0.284848276,0.169411355,3
Delridge Neighborhoods,otherili,2019_W20,0.202675652,0.11262917,0.20266284,0.364645175,0.202642197,4
Downtown,otherili,2019_W20,0.177161568,0.105679672,0.177158166,0.296885069,0.177155252,3
East,otherili,2019_W20,0.214733013,0.124879616,0.214717874,0.369198669,0.214692515,4
Greater Duwamish,otherili,2019_W20,0.157321639,0.090311409,0.157366407,0.273483892,0.157460941,3
Lake Union,otherili,2019_W20,0.192798335,0.115058857,0.192796196,0.322929696,0.192796207,4
Magnolia/Queen Anne,otherili,2019_W20,0.152505678,0.088504176,0.152493809,0.262771949,0.152473533,3
NA,otherili,2019_W20,5.44E-05,1.41E-22,5.43E-05,2.02327E+13,5.44E-05,1
North,otherili,2019_W20,0.148204236,0.089915896,0.148193144,0.244267787,0.148173967,3
Northeast,otherili,2019_W20,0.26673045,0.158793112,0.266760482,0.447546046,0.266827201,4
Northwest,otherili,2019_W20,0.166950842,0.096016521,0.166943108,0.290216776,0.166931589,3
Southeast,otherili,2019_W20,0.226699839,0.130456306,0.226747825,0.39328716,0.226850284,4
Southwest,otherili,2019_W20,0.198192599,0.110232159,0.198177313,0.356302474,0.198151668,4
Ballard,otherili,2019_W21,0.083725326,0.047492606,0.083749207,0.147291085,0.083799604,3
Central,otherili,2019_W21,0.117275303,0.068955243,0.117255738,0.199542422,0.117218776,3
Delridge Neighborhoods,otherili,2019_W21,0.139882457,0.076481158,0.139860062,0.255926723,0.139818563,3
Downtown,otherili,2019_W21,0.122887838,0.072582864,0.122883648,0.207996479,0.12287796,3
East,otherili,2019_W21,0.147581085,0.084808925,0.147565937,0.256830051,0.147539049,3
Greater Duwamish,otherili,2019_W21,0.105398894,0.059486093,0.105454902,0.186105357,0.105571655,3
Lake Union,otherili,2019_W21,0.130197097,0.076882127,0.130201463,0.220336679,0.130213215,3
Magnolia/Queen Anne,otherili,2019_W21,0.105287757,0.060302054,0.10527014,0.18390922,0.105237171,3
NA,otherili,2019_W21,4.05E-05,8.46E-24,4.05E-05,1.87295E+14,4.05E-05,1
North,otherili,2019_W21,0.100021007,0.060129728,0.100009707,0.166403456,0.099989053,3
Northeast,otherili,2019_W21,0.186624751,0.110060936,0.18665462,0.316018545,0.186719498,3
Northwest,otherili,2019_W21,0.11396375,0.064635973,0.113950545,0.200960759,0.113926819,3
Southeast,otherili,2019_W21,0.151589297,0.085767235,0.151663026,0.267070006,0.15181662,3
Southwest,otherili,2019_W21,0.138312684,0.075741509,0.138290422,0.252660339,0.138249325,3
Ballard,otherili,2019_W22,0.050771806,0.028160299,0.050802393,0.091185841,0.050865725,3
Central,otherili,2019_W22,0.074031584,0.042821945,0.074010132,0.128128063,0.073968104,3
Delridge Neighborhoods,otherili,2019_W22,0.088089042,0.047159885,0.088058912,0.164755861,0.08800039,3
Downtown,otherili,2019_W22,0.077768368,0.04529848,0.077763544,0.133492025,0.07775556,3
East,otherili,2019_W22,0.092268702,0.052164643,0.092257052,0.163232829,0.092235901,3
Greater Duwamish,otherili,2019_W22,0.064282794,0.035469095,0.064342206,0.115851151,0.064465679,3
Lake Union,otherili,2019_W22,0.080012647,0.046532159,0.080023464,0.137411337,0.080047124,3
Magnolia/Queen Anne,otherili,2019_W22,0.066251418,0.037278308,0.066230488,0.117885918,0.066189807,3
NA,otherili,2019_W22,2.75E-05,3.87E-25,2.75E-05,1.88224E+15,2.75E-05,1
North,otherili,2019_W22,0.061457065,0.03646644,0.06144704,0.103617666,0.061428075,3
Northeast,otherili,2019_W22,0.119055764,0.069291978,0.11908435,0.204187563,0.119145378,3
Northwest,otherili,2019_W22,0.070899105,0.039471527,0.070882459,0.12744596,0.070850766,3
Southeast,otherili,2019_W22,0.092177871,0.050943763,0.092267227,0.165811655,0.092452422,3
Southwest,otherili,2019_W22,0.087904169,0.0471786,0.087878379,0.163956876,0.087828903,3
Ballard,otherili,2019_W23,0.031363592,0.016906494,0.031398466,0.05779482,0.031470187,2
Central,otherili,2019_W23,0.047719837,0.02703492,0.047696588,0.084413361,0.047649922,3
Delridge Neighborhoods,otherili,2019_W23,0.056684115,0.029577465,0.056646829,0.108961825,0.056572837,3
Downtown,otherili,2019_W23,0.050276195,0.028767611,0.050269829,0.087882098,0.050258079,3
East,otherili,2019_W23,0.058770308,0.03254455,0.058762409,0.106150264,0.05874798,3
Greater Duwamish,otherili,2019_W23,0.039984053,0.021448802,0.040043374,0.073892557,0.040166894,2
Lake Union,otherili,2019_W23,0.050141296,0.028583625,0.05015653,0.087764426,0.050188477,3
Magnolia/Queen Anne,otherili,2019_W23,0.042546953,0.023418214,0.042523395,0.077494128,0.042476667,3
NA,otherili,2019_W23,1.91E-05,1.56E-26,1.90E-05,2.2336E+16,1.91E-05,1
North,otherili,2019_W23,0.038517385,0.022471202,0.038508142,0.066076469,0.038490184,2
Northeast,otherili,2019_W23,0.077509899,0.044353724,0.077536868,0.135124127,0.077593959,3
Northwest,otherili,2019_W23,0.045013803,0.024489627,0.044994444,0.082888406,0.044956607,3
Southeast,otherili,2019_W23,0.057112317,0.030629741,0.057210285,0.105438219,0.057413875,3
Southwest,otherili,2019_W23,0.056981959,0.029841993,0.056953872,0.109035783,0.056898929,3
Ballard,otherili,2019_W24,0.019758432,0.010286539,0.019795416,0.037541024,0.019871314,2
Central,otherili,2019_W24,0.031411893,0.01735785,0.031387896,0.057052792,0.031338846,2
Delridge Neighborhoods,otherili,2019_W24,0.037295967,0.018880733,0.037253635,0.074086796,0.037168652,2
Downtown,otherili,2019_W24,0.033219626,0.018598304,0.033212115,0.059377586,0.033197598,2
East,otherili,2019_W24,0.038168412,0.020606457,0.038164993,0.070691166,0.038159016,2
Greater Duwamish,otherili,2019_W24,0.025386379,0.013165455,0.025443316,0.048328514,0.025562378,2
Lake Union,otherili,2019_W24,0.032079545,0.017839033,0.032097867,0.057474867,0.032135709,2
Magnolia/Queen Anne,otherili,2019_W24,0.027897843,0.014956215,0.027873311,0.052259836,0.027824053,2
NA,otherili,2019_W24,1.35E-05,5.69E-28,1.35E-05,3.05726E+17,1.35E-05,1
North,otherili,2019_W24,0.024645439,0.014080642,0.0246373,0.043193129,0.024621182,2
Northeast,otherili,2019_W24,0.051541704,0.028887448,0.051567408,0.091662536,0.051621617,3
Northwest,otherili,2019_W24,0.029182038,0.01544553,0.029161633,0.055314786,0.02912123,2
Southeast,otherili,2019_W24,0.03609697,0.018661079,0.036197496,0.068734114,0.03640774,2
Southwest,otherili,2019_W24,0.037700098,0.019181486,0.03767179,0.074357835,0.03761583,2
Ballard,otherili,2019_W25,0.012639288,0.006317976,0.012676567,0.024864391,0.012753121,2
Central,otherili,2019_W25,0.021017596,0.011289994,0.020994015,0.039344916,0.020945011,2
Delridge Neighborhoods,otherili,2019_W25,0.024971804,0.012215985,0.02492719,0.051515591,0.024836929,2
Downtown,otherili,2019_W25,0.022323909,0.012186827,0.022316286,0.040946511,0.022301183,2
East,otherili,2019_W25,0.025161203,0.013185817,0.025162906,0.047964236,0.025166827,2
Greater Duwamish,otherili,2019_W25,0.016380727,0.008170869,0.01643389,0.032247098,0.016545712,2
Lake Union,otherili,2019_W25,0.020864181,0.011268456,0.020884684,0.038400317,0.020926781,2
Magnolia/Queen Anne,otherili,2019_W25,0.018586755,0.009669846,0.018563098,0.035954476,0.018515158,2
NA,otherili,2019_W25,9.69E-06,1.90E-29,9.68E-06,4.71019E+18,9.69E-06,1
North,otherili,2019_W25,0.016026752,0.008935632,0.016020252,0.028793401,0.016007143,2
Northeast,otherili,2019_W25,0.034845598,0.019063406,0.034871083,0.063404435,0.034924742,2
Northwest,otherili,2019_W25,0.019227631,0.009861611,0.019207969,0.037676235,0.019168738,2
Southeast,otherili,2019_W25,0.023174047,0.011478256,0.023272324,0.045699492,0.02347975,2
Southwest,otherili,2019_W25,0.025342024,0.012477752,0.025315592,0.051730605,0.025262996,2
Ballard,otherili,2019_W26,0.009280829,0.0044419,0.009321108,0.018925227,0.009403959,2
Central,otherili,2019_W26,0.01615603,0.008437832,0.016129437,0.03119415,0.016073378,2
Delridge Neighborhoods,otherili,2019_W26,0.019225987,0.00908068,0.01917408,0.041296409,0.01906854,2
Downtown,otherili,2019_W26,0.017241905,0.00917915,0.017232329,0.032465988,0.017213035,2
East,otherili,2019_W26,0.01903275,0.009669484,0.019038608,0.037373126,0.019050596,2
Greater Duwamish,otherili,2019_W26,0.012141414,0.00581363,0.012195665,0.024737368,0.012310537,2
Lake Union,otherili,2019_W26,0.015591841,0.008171005,0.015615095,0.029491084,0.015662754,2
Magnolia/Queen Anne,otherili,2019_W26,0.014221307,0.007177402,0.014195617,0.028439491,0.014143225,2
NA,otherili,2019_W26,8.00E-06,6.71E-31,7.99E-06,9.08219E+19,8.00E-06,1
North,otherili,2019_W26,0.011968904,0.0065126,0.011962566,0.022047339,0.011949545,2
Northeast,otherili,2019_W26,0.027071781,0.014460208,0.027098092,0.050386051,0.027153697,2
Northwest,otherili,2019_W26,0.014551678,0.007227197,0.014530306,0.029516079,0.014487476,2
Southeast,otherili,2019_W26,0.017082776,0.008083027,0.017186771,0.034920803,0.017408629,2
Southwest,otherili,2019_W26,0.019560671,0.009312347,0.019532892,0.041379389,0.019477376,2
Ballard,otherili,2019_W27,0.007784534,0.003560919,0.007831909,0.016453964,0.00792955,1
Central,otherili,2019_W27,0.014195559,0.007219593,0.014161623,0.028259452,0.014089172,2
Delridge Neighborhoods,otherili,2019_W27,0.016930931,0.007723707,0.016864464,0.037932462,0.016728917,2
Downtown,otherili,2019_W27,0.015225439,0.007916202,0.015211656,0.029410256,0.015183636,2
East,otherili,2019_W27,0.01643979,0.008094391,0.016450519,0.033243577,0.016471955,2
Greater Duwamish,otherili,2019_W27,0.010285592,0.004723171,0.010346661,0.021683438,0.010476898,2
Lake Union,otherili,2019_W27,0.013319892,0.006774395,0.013347981,0.025871618,0.013405505,2
Magnolia/Queen Anne,otherili,2019_W27,0.012434103,0.006092862,0.012402836,0.025715389,0.01233881,2
NA,otherili,2019_W27,7.54E-06,2.51E-32,7.54E-06,2.15E+21,7.54E-06,1
North,otherili,2019_W27,0.010212365,0.005430066,0.010205035,0.019269496,0.010189727,2
Northeast,otherili,2019_W27,0.024045526,0.012559201,0.024074483,0.045710067,0.024136191,2
Northwest,otherili,2019_W27,0.012585905,0.006055848,0.012559908,0.026436907,0.012507719,2
Southeast,otherili,2019_W27,0.014388234,0.006491786,0.014508784,0.03047868,0.014768857,2
Southwest,otherili,2019_W27,0.017251842,0.00794287,0.017219044,0.03783415,0.017153326,2
Ballard,otherili,2019_W28,0.006904128,0.003006814,0.006961064,0.015153238,0.007078793,1
Central,otherili,2019_W28,0.013193738,0.006530056,0.013149519,0.027141831,0.013053892,2
Delridge Neighborhoods,otherili,2019_W28,0.015779425,0.006941974,0.015693524,0.036995247,0.015517957,2
Downtown,otherili,2019_W28,0.014223943,0.007215442,0.014204644,0.028229486,0.014165158,2
East,otherili,2019_W28,0.015010108,0.007141997,0.015027835,0.031314092,0.01506279,2
Greater Duwamish,otherili,2019_W28,0.009217068,0.004046456,0.009288106,0.02013825,0.009440828,2
Lake Union,otherili,2019_W28,0.012037323,0.005927013,0.012072352,0.024044253,0.01214409,2
Magnolia/Queen Anne,otherili,2019_W28,0.01149884,0.005462723,0.011460146,0.024654617,0.011380638,2
NA,otherili,2019_W28,7.53E-06,9.37E-34,7.52E-06,5.74E+22,7.53E-06,1
North,otherili,2019_W28,0.009215,0.00478121,0.009206516,0.017836748,0.009188449,2
Northeast,otherili,2019_W28,0.022595443,0.011528081,0.022629251,0.043904902,0.022702081,2
Northwest,otherili,2019_W28,0.011513363,0.005357243,0.011481462,0.025115027,0.011417374,2
Southeast,otherili,2019_W28,0.012816606,0.005493083,0.012959832,0.028171695,0.01327226,2
Southwest,otherili,2019_W28,0.016092458,0.007151378,0.016053071,0.036677784,0.015973987,2
Ballard,otherili,2019_W29,0.006122587,0.002522526,0.006188642,0.014016997,0.006325437,1
Central,otherili,2019_W29,0.012263953,0.005884098,0.012208683,0.026201438,0.01208761,2
Delridge Neighborhoods,otherili,2019_W29,0.014712748,0.006215603,0.014606687,0.036302308,0.01438952,2
Downtown,otherili,2019_W29,0.013289561,0.006548113,0.013264524,0.027229899,0.013212999,2
East,otherili,2019_W29,0.013700307,0.006261526,0.013726656,0.029631077,0.013778148,2
Greater Duwamish,otherili,2019_W29,0.00826054,0.003447159,0.008341089,0.018789728,0.008515351,2
Lake Union,otherili,2019_W29,0.010880019,0.005156617,0.010922554,0.022455531,0.011009708,2
Magnolia/Queen Anne,otherili,2019_W29,0.010635175,0.004875738,0.010589222,0.023763618,0.010494486,2
NA,otherili,2019_W29,7.51E-06,3.31E-35,7.51E-06,1.61E+24,7.51E-06,1
North,otherili,2019_W29,0.008315054,0.004188275,0.008305879,0.016592993,0.008285819,1
Northeast,otherili,2019_W29,0.021237445,0.010535657,0.021277104,0.042356435,0.021363572,2
Northwest,otherili,2019_W29,0.010532542,0.004716303,0.010495182,0.023985962,0.010420092,2
Southeast,otherili,2019_W29,0.011416856,0.004614348,0.011581542,0.026145154,0.011945562,2
Southwest,otherili,2019_W29,0.015012035,0.006408206,0.014966578,0.035743254,0.014875106,2
Ballard,otherili,2019_W30,0.005009064,0.001932998,0.005076997,0.012056178,0.005217887,1
Central,otherili,2019_W30,0.01051688,0.004853505,0.010456095,0.023532238,0.010321532,2
Delridge Neighborhoods,otherili,2019_W30,0.012658663,0.005094066,0.012543228,0.033143599,0.012306694,2
Downtown,otherili,2019_W30,0.011454884,0.005435908,0.011426855,0.024448305,0.011368909,2
East,otherili,2019_W30,0.011534969,0.005016097,0.011567908,0.026082835,0.011631811,2
Greater Duwamish,otherili,2019_W30,0.006831063,0.00268661,0.006912574,0.016305572,0.007089747,1
Lake Union,otherili,2019_W30,0.009074608,0.004101548,0.00912036,0.019520007,0.009214101,2
Magnolia/Queen Anne,otherili,2019_W30,0.00907588,0.003982272,0.009027631,0.021313058,0.008927941,2
NA,otherili,2019_W30,6.92E-06,1.03E-36,6.91E-06,4.37E+25,6.92E-06,1
North,otherili,2019_W30,0.006921957,0.003353085,0.006913456,0.014369582,0.006894244,1
Northeast,otherili,2019_W30,0.018419011,0.008809096,0.018460966,0.038022683,0.018553496,2
Northwest,otherili,2019_W30,0.008890041,0.003799018,0.008851412,0.021314759,0.00877379,2
Southeast,otherili,2019_W30,0.009383018,0.003543986,0.009551166,0.022554771,0.009928116,2
Southwest,otherili,2019_W30,0.012921292,0.005255523,0.012874725,0.032397755,0.012780838,2
Ballard,otherili,2019_W31,0.003528425,0.001259445,0.003585737,0.009044614,0.003704663,1
Central,otherili,2019_W31,0.007764175,0.003398558,0.007709774,0.018440688,0.00758884,1
Delridge Neighborhoods,otherili,2019_W31,0.009378004,0.003550028,0.009274896,0.026372487,0.009064262,2
Downtown,otherili,2019_W31,0.00850079,0.003829908,0.008475434,0.019170006,0.008422979,1
East,otherili,2019_W31,0.008361306,0.003411056,0.008393717,0.020038037,0.008456181,2
Greater Duwamish,otherili,2019_W31,0.004864124,0.001779679,0.004932077,0.012345502,0.005079974,1
Lake Union,otherili,2019_W31,0.006517712,0.002769699,0.006557735,0.014823221,0.006639562,1
Magnolia/Queen Anne,otherili,2019_W31,0.006669291,0.002762971,0.006627692,0.016676655,0.006541795,1
NA,otherili,2019_W31,5.48E-06,2.66E-38,5.48E-06,1.06E+27,5.48E-06,1
North,otherili,2019_W31,0.004960756,0.002275893,0.004954535,0.010872528,0.00493996,1
Northeast,otherili,2019_W31,0.013753783,0.006251664,0.013789789,0.029820223,0.013869849,2
Northwest,otherili,2019_W31,0.006460952,0.002599974,0.006428114,0.016521177,0.006362267,1
Southeast,otherili,2019_W31,0.006639491,0.002315311,0.006780775,0.016983104,0.007099598,1
Southwest,otherili,2019_W31,0.009576334,0.003664031,0.009536914,0.025599873,0.009457394,2
Ballard,otherili,2019_W32,0.002031361,0.000656734,0.002068618,0.005681887,0.002145792,1
Central,otherili,2019_W32,0.004684238,0.001893563,0.004647546,0.01210314,0.00456639,1
Delridge Neighborhoods,otherili,2019_W32,0.005678156,0.001975413,0.005607518,0.017517435,0.005464003,1
Downtown,otherili,2019_W32,0.005155393,0.002145304,0.005138463,0.01260771,0.005103551,1
East,otherili,2019_W32,0.004953335,0.001849064,0.004977371,0.012901763,0.005023549,1
Greater Duwamish,otherili,2019_W32,0.002830741,0.000942803,0.002874474,0.007829467,0.002969346,1
Lake Union,otherili,2019_W32,0.003826114,0.001490084,0.003852906,0.009449593,0.003907488,1
Magnolia/Queen Anne,otherili,2019_W32,0.004005655,0.001527247,0.003978393,0.010918767,0.003922314,1
NA,otherili,2019_W32,3.55E-06,5.42E-40,3.55E-06,2.18E+28,3.55E-06,1
North,otherili,2019_W32,0.002905396,0.001227135,0.002902284,0.006908521,0.002894642,1
Northeast,otherili,2019_W32,0.008392542,0.003527755,0.008416387,0.019651781,0.008469411,2
Northwest,otherili,2019_W32,0.00383761,0.001418618,0.003816378,0.010709854,0.003773968,1
Southeast,otherili,2019_W32,0.003839775,0.001210925,0.003931358,0.010712292,0.004137628,1
Southwest,otherili,2019_W32,0.005800511,0.002038815,0.005775022,0.016904256,0.005723663,1
Ballard,otherili,2019_W33,0.001044345,0.000294271,0.001064522,0.003333679,0.001106177,1
Central,otherili,2019_W33,0.002523544,0.000895957,0.002504016,0.007421066,0.002461347,1
Delridge Neighborhoods,otherili,2019_W33,0.003070087,0.000939208,0.003030703,0.010800803,0.00295105,1
Downtown,otherili,2019_W33,0.002791848,0.001019341,0.002783451,0.00776561,0.002766156,1
East,otherili,2019_W33,0.002620381,0.000855282,0.002635253,0.007769608,0.002663974,1
Greater Duwamish,otherili,2019_W33,0.00147111,0.000428627,0.0014946,0.004638655,0.001545209,1
Lake Union,otherili,2019_W33,0.00200567,0.000683043,0.002020714,0.005648001,0.002051307,1
Magnolia/Queen Anne,otherili,2019_W33,0.002148371,0.000718648,0.002134215,0.006664411,0.002105194,1
NA,otherili,2019_W33,2.06E-06,9.58E-42,2.05E-06,4.12E+29,2.06E-06,1
North,otherili,2019_W33,0.001519474,0.000561089,0.001518705,0.004119327,0.001516463,1
Northeast,otherili,2019_W33,0.004572816,0.001688761,0.00458695,0.01216841,0.004617949,1
Northwest,otherili,2019_W33,0.002035497,0.000659948,0.002024654,0.006466995,0.00200304,1
Southeast,otherili,2019_W33,0.001983015,0.000544512,0.002032418,0.006309123,0.002142478,1
Southwest,otherili,2019_W33,0.00313747,0.000969078,0.003124469,0.010385847,0.003098274,1
Ballard,otherili,2019_W34,0.000511727,0.000118464,0.000521509,0.001991748,0.000541668,1
Central,otherili,2019_W34,0.001295717,0.000374911,0.001287493,0.004634553,0.001269748,1
Delridge Neighborhoods,otherili,2019_W34,0.001582083,0.000397805,0.001563642,0.006730932,0.001526493,1
Downtown,otherili,2019_W34,0.00144095,0.000428268,0.001438277,0.004890626,0.00143273,1
East,otherili,2019_W34,0.001321189,0.000352317,0.001329714,0.004773795,0.001346396,1
Greater Duwamish,otherili,2019_W34,0.000728663,0.000174404,0.000740034,0.002799208,0.000764302,1
Lake Union,otherili,2019_W34,0.001002059,0.00027834,0.001009909,0.003452185,0.001025873,1
Magnolia/Queen Anne,otherili,2019_W34,0.001098192,0.000300187,0.001092412,0.004133459,0.001080569,1
NA,otherili,2019_W34,1.13E-06,1.57E-43,1.13E-06,7.63E+30,1.13E-06,1
North,otherili,2019_W34,0.000757373,0.000226929,0.000757869,0.002514197,0.000758602,1
Northeast,otherili,2019_W34,0.002374637,0.000714754,0.002383346,0.007725809,0.002401918,1
Northwest,otherili,2019_W34,0.001028999,0.000273017,0.001024726,0.003964348,0.001016207,1
Southeast,otherili,2019_W34,0.000976074,0.000220179,0.000999841,0.003792597,0.001051744,1
Southwest,otherili,2019_W34,0.001617439,0.000410437,0.001612476,0.006470777,0.001602455,1
Ballard,otherili,2019_W35,0.000246411,4.33E-05,0.000250936,0.00126872,0.000260262,1
Central,otherili,2019_W35,0.000653781,0.00014103,0.000651263,0.00308927,0.000645844,1
Delridge Neighborhoods,otherili,2019_W35,0.000801186,0.000151861,0.000793952,0.004446981,0.000779396,1
Downtown,otherili,2019_W35,0.000730851,0.000161675,0.000730937,0.003295935,0.000731048,1
East,otherili,2019_W35,0.000654623,0.000131048,0.000659484,0.003133479,0.000669143,1
Greater Duwamish,otherili,2019_W35,0.000354679,6.43E-05,0.000359995,0.001801448,0.000371215,1
Lake Union,otherili,2019_W35,0.000491985,0.00010228,0.000496113,0.002256858,0.000504514,1
Magnolia/Queen Anne,otherili,2019_W35,0.000551661,0.00011296,0.000550037,0.002732487,0.000546683,1
NA,otherili,2019_W35,6.14E-07,2.46E-45,6.14E-07,1.42E+32,6.15E-07,1
North,otherili,2019_W35,0.000370979,8.25E-05,0.000371878,0.001642545,0.00037361,1
Northeast,otherili,2019_W35,0.001211804,0.0002717,0.001217607,0.005257815,0.001229654,1
Northwest,otherili,2019_W35,0.000511193,0.000101863,0.000510143,0.002589386,0.000508045,1
Southeast,otherili,2019_W35,0.000472135,8.10E-05,0.00048295,0.002431499,0.000506163,1
Southwest,otherili,2019_W35,0.000819412,0.000156965,0.000818471,0.004295725,0.000816552,1
Ballard,otherili,2019_W36,0.000118139,1.44E-05,0.000120242,0.000877428,0.000124574,1
Central,otherili,2019_W36,0.000328447,4.82E-05,0.000328186,0.002241983,0.000327579,1
Delridge Neighborhoods,otherili,2019_W36,0.00040397,5.27E-05,0.000401722,0.003183333,0.000397188,1
Downtown,otherili,2019_W36,0.000369079,5.55E-05,0.000370031,0.002416645,0.000371935,1
East,otherili,2019_W36,0.000322945,4.44E-05,0.000325767,0.002236395,0.000331442,1
Greater Duwamish,otherili,2019_W36,0.000171892,2.16E-05,0.000174425,0.001259062,0.000179718,1
Lake Union,otherili,2019_W36,0.000240503,3.42E-05,0.000242762,0.00160419,0.000247362,1
Magnolia/Queen Anne,otherili,2019_W36,0.000275916,3.86E-05,0.000275898,0.001965866,0.000275829,1
NA,otherili,2019_W36,3.32E-07,3.77E-47,3.31E-07,2.70E+33,3.32E-07,1
North,otherili,2019_W36,0.000180926,2.73E-05,0.000181758,0.001167224,0.000183421,1
Northeast,otherili,2019_W36,0.000615712,9.38E-05,0.000619663,0.003894859,0.000627744,1
Northwest,otherili,2019_W36,0.000252852,3.46E-05,0.000253007,0.001839207,0.000253319,1
Southeast,otherili,2019_W36,0.000227385,2.72E-05,0.000232291,0.00169189,0.000242706,1
Southwest,otherili,2019_W36,0.000413321,5.46E-05,0.000413876,0.003098508,0.000414982,1
